<?xml version="1.0"?>
<Devices>
    <!-- Extended Color Device -->
	<Device type="dimmer" id="hueBulb">
		<Name>Hue Color/Ambiance and compatible</Name>
		<ConfigUI>
			<Field id="hubNumber" type="menu"
				tooltip="Select the Gateway / Bridge this device is associated with">
				<Label>Hue Bridge number:</Label>
				<List class="self" method="gwListGenerator" filter = "active" dynamicReload="true"/> 
			</Field>
			<Field id="confirmGWNumber" type="button">
				<Label>click to</Label>
				<Title>select GW Number</Title>
				<CallbackMethod>confirmGWNumber</CallbackMethod>
			</Field>
			<Field id="confirmHubNumberText" type="textfield" default =""  >	</Field>

			<Field id="bulbId" type="menu"
				tooltip="Select a light to control. This menu only shows lights that support both full color and color temperature (a.k.a. Ambiance) features, except for the LightStrips.">
				<Label>Hue Device:</Label>
				<List class="self" method="bulbListGenerator" filter="Extended color light" dynamicReload="true"/> 
			</Field>
			<Field id="defaultBrightness" type="textfield"
				tooltip="Optionally set a default brightness level used whenever an On command is sent to this light. If no value is entered, when an On command is sent, the light will return to the brightness it was at before being turned off. Range is 1 to 100 percent.">
				<Label>Default Brightness:</Label>
			</Field>
			<Field id="labelDefaultBrightness" type="label" alignWithControl="true" fontSize="small" fontColor="darkgray">
				<Label>(1 - 100 percent)
Optionally set a default brightness level used whenever an ON command is sent to this light.  If no value is entered, when an ON command is sent, the light will return to the brightness it was at before being turned off.
</Label>
			</Field>
			<Field id="rate" type="textfield"
				tooltip="Optionally override the default Ramp Rate (transition time) by entering the number of seconds the light should take to change settings, if not overriden by the action telling it to change. Accurate to 0.1 seconds. A value of 0 makes changes instant.">
				<Label>Ramp Rate:</Label>
			</Field>
			<Field id="labelRate" type="label" alignWithControl="true" fontSize="small" fontColor="darkgray">
				<Label>(0 - 540 seconds)
0 = instant.
Optionally override the default Ramp Rate (transition time), accurate to 0.1 seconds.
</Label>
			</Field>
			<Field id="noOnRampRate" type="checkbox" defaultValue="false"
				tooltip="Check this box to ignore ramp rates (transition times) when turning On this device. Some non-Hue devices don't support On transtion times.">
				<Label>Disable ON Ramp Rate</Label>
			</Field>
			<Field id="noOffRampRate" type="checkbox" defaultValue="false"
				tooltip="Check this box to ignore ramp rates (transition times) when turning Off this device. Some non-Hue devices don't support Off transtion times.">
				<Label>Disable OFF Ramp Rate</Label>
			</Field>
			<Field id="labelNoRates" type="label" alignWithControl="true" fontSize="small" fontColor="darkgray">
				<Label>Some non-Hue devices don't support ON or OFF transition times. If you find a light doesn't trun ON or OFF when it should, try checking one or both of the above check boxes.</Label>
			</Field>
			<Field id="logChanges" type="checkbox" defaultValue="True" hidden="false">
				<Label>log events and changes to indigolog</Label>
			</Field>
			<Field id="savedBrightness" type="textfield" hidden="true" />
		</ConfigUI>
		<States>
			<State id="created">
				<ValueType>String</ValueType>
				<TriggerLabel>created</TriggerLabel>
				<ControlPageLabel>created</ControlPageLabel>
			</State>
			<State id="hue">
				<ValueType>Number</ValueType>
				<TriggerLabel>Hue (°)</TriggerLabel>
				<ControlPageLabel>Hue (°)</ControlPageLabel>
			</State>
			<State id="saturation">
				<ValueType>Number</ValueType>
				<TriggerLabel>Saturation (%)</TriggerLabel>
				<ControlPageLabel>Saturation (%)</ControlPageLabel>
			</State>
			<State id="colorRed">
				<ValueType>Number</ValueType>
				<TriggerLabel>Red Level (0-255)</TriggerLabel>
				<ControlPageLabel>Red Level (0-255)</ControlPageLabel>
			</State>
			<State id="colorGreen">
				<ValueType>Number</ValueType>
				<TriggerLabel>Green Level (0-255)</TriggerLabel>
				<ControlPageLabel>Green Level (0-255)</ControlPageLabel>
			</State>
			<State id="colorBlue">
				<ValueType>Number</ValueType>
				<TriggerLabel>Blue Level (0-255)</TriggerLabel>
				<ControlPageLabel>Blue Level (0-255)</ControlPageLabel>
			</State>
			<State id="colorX">
				<ValueType>Number</ValueType>
				<TriggerLabel>X Color Chromaticity</TriggerLabel>
				<ControlPageLabel>X Color Chromaticity (CIE 1931)</ControlPageLabel>
			</State>
			<State id="colorY">
				<ValueType>Number</ValueType>
				<TriggerLabel>Y Color Chromaticity</TriggerLabel>
				<ControlPageLabel>Y Color Chromaticity (CIE 1931)</ControlPageLabel>
			</State>
			<State id="colorTemp">
				<ValueType>Number</ValueType>
				<TriggerLabel>Color Temperature (K)</TriggerLabel>
				<ControlPageLabel>Color Temperature (K)</ControlPageLabel>
			</State>
			<State id="colorMode">
				<ValueType>String</ValueType>
				<TriggerLabel>Color Mode</TriggerLabel>
				<ControlPageLabel>Color Mode</ControlPageLabel>
			</State>
			<State id="alertMode">
				<ValueType>String</ValueType>
				<TriggerLabel>Alert Mode</TriggerLabel>
				<ControlPageLabel>Alert Mode</ControlPageLabel>
			</State>
			<State id="effect">
				<ValueType>String</ValueType>
				<TriggerLabel>Effect</TriggerLabel>
				<ControlPageLabel>Effect</ControlPageLabel>
			</State>
			<State id="online">
				<ValueType>Boolean</ValueType>
				<TriggerLabel>Online</TriggerLabel>
				<ControlPageLabel>Online</ControlPageLabel>
			</State>
			<State id="nameOnBridge">
				<ValueType>String</ValueType>
				<TriggerLabel>type</TriggerLabel>
				<ControlPageLabel>type</ControlPageLabel>
			</State>
			<State id="manufacturerName">
				<ValueType>String</ValueType>
				<TriggerLabel>type</TriggerLabel>
				<ControlPageLabel>type</ControlPageLabel>
			</State>
			<State id="uniqueId">
				<ValueType>String</ValueType>
				<TriggerLabel>type</TriggerLabel>
				<ControlPageLabel>type</ControlPageLabel>
			</State>
			<State id="modelId">
				<ValueType>String</ValueType>
				<TriggerLabel>type</TriggerLabel>
				<ControlPageLabel>type</ControlPageLabel>
			</State>
			<State id="type">
				<ValueType>String</ValueType>
				<TriggerLabel>type</TriggerLabel>
				<ControlPageLabel>type</ControlPageLabel>
			</State>
		</States>
	</Device>
	<!-- Ambiance Device -->
	<Device type="dimmer" id="hueAmbiance">
		<Name>Ambiance Lights (color temperature)</Name>
		<ConfigUI>
			<Field id="hubNumber" type="menu"
				tooltip="Select the Gateway / Bridge this device is associated with">
				<Label>Hue Bridge number:</Label>
				<List class="self" method="gwListGenerator" filter = "active" dynamicReload="true"/> 
			</Field>
			<Field id="confirmGWNumber" type="button">
				<Label>click to</Label>
				<Title>select GW Number</Title>
				<CallbackMethod>confirmGWNumber</CallbackMethod>
			</Field>
			<Field id="confirmHubNumberText" type="textfield" default =""  >	</Field>

			<Field id="bulbId" type="menu"
				tooltip="Select a light to control. This menu only shows color temperature (a.k.a. Ambiance) lights. Lights that also support full color will appear in the Hue Color/Ambiance device list.">
				<Label>Hue Device:</Label>
				<List class="self" method="bulbListGenerator"  filter="Color temperature light" dynamicReload="true"/> 
			</Field>
			<Field id="defaultBrightness" type="textfield"
				tooltip="Optionally set a default brightness level used whenever an On command is sent to this light. If no value is entered, when an On command is sent, the light will return to the brightness it was at before being turned off. Range is 1 to 100 percent.">
				<Label>Default Brightness:</Label>
			</Field>
			<Field id="labelDefaultBrightness" type="label" alignWithControl="true" fontSize="small" fontColor="darkgray">
				<Label>(1 - 100 percent)
Optionally set a default brightness level used whenever an ON command is sent to this light. If no value is entered, when an ON command is sent, the light will return to the brightness it was at before being turned off.
				</Label>
			</Field>
			<Field id="rate" type="textfield"
				tooltip="Optionally override the default Ramp Rate (transition time) by entering the number of seconds the light should take to change settings, if not overriden by the action telling it to change. Accurate to 0.1 seconds. A value of 0 makes changes instant.">
				<Label>Ramp Rate:</Label>
			</Field>
			<Field id="labelRate" type="label" alignWithControl="true" fontSize="small" fontColor="darkgray">
				<Label>(0 - 540 seconds)
0 = instant.
Optionally override the default Ramp Rate (transition time), accurate to 0.1 seconds.
</Label>
			</Field>
			<Field id="noOnRampRate" type="checkbox" defaultValue="false"
				tooltip="Check this box to ignore ramp rates (transition times) when turning On this device. Some non-Hue devices don't support On transtion times.">
				<Label>Disable ON Ramp Rate</Label>
			</Field>
			<Field id="noOffRampRate" type="checkbox" defaultValue="false"
				tooltip="Check this box to ignore ramp rates (transition times) when turning Off this device. Some non-Hue devices don't support Off transtion times.">
				<Label>Disable OFF Ramp Rate</Label>
			</Field>
			<Field id="labelNoRates" type="label" alignWithControl="true" fontSize="small" fontColor="darkgray">
				<Label>Some non-Hue devices don't support ON or OFF transition times. If you find a light doesn't trun ON or OFF when it should, try checking one or both of the above check boxes.</Label>
			</Field>
			<Field id="logChanges" type="checkbox" defaultValue="True" hidden="false">
				<Label>log events and changes to indigolog</Label>
			</Field>
			<Field id="savedBrightness" type="textfield" hidden="true" />
		</ConfigUI>
		<States>
			<State id="created">
				<ValueType>String</ValueType>
				<TriggerLabel>created</TriggerLabel>
				<ControlPageLabel>created</ControlPageLabel>
			</State>
			<State id="colorTemp">
				<ValueType>Number</ValueType>
				<TriggerLabel>Color Temperature (K)</TriggerLabel>
				<ControlPageLabel>Color Temperature (K)</ControlPageLabel>
			</State>
			<State id="colorMode">
				<ValueType>String</ValueType>
				<TriggerLabel>Color Mode</TriggerLabel>
				<ControlPageLabel>Color Mode</ControlPageLabel>
			</State>
			<State id="alertMode">
				<ValueType>String</ValueType>
				<TriggerLabel>Alert Mode</TriggerLabel>
				<ControlPageLabel>Alert Mode</ControlPageLabel>
			</State>
			<State id="effect">
				<ValueType>String</ValueType>
				<TriggerLabel>Effect</TriggerLabel>
				<ControlPageLabel>Effect</ControlPageLabel>
			</State>
			<State id="online">
				<ValueType>Boolean</ValueType>
				<TriggerLabel>Online</TriggerLabel>
				<ControlPageLabel>Online</ControlPageLabel>
			</State>
			<State id="nameOnBridge">
				<ValueType>String</ValueType>
				<TriggerLabel>type</TriggerLabel>
				<ControlPageLabel>type</ControlPageLabel>
			</State>
			<State id="manufacturerName">
				<ValueType>String</ValueType>
				<TriggerLabel>type</TriggerLabel>
				<ControlPageLabel>type</ControlPageLabel>
			</State>
			<State id="uniqueId">
				<ValueType>String</ValueType>
				<TriggerLabel>type</TriggerLabel>
				<ControlPageLabel>type</ControlPageLabel>
			</State>
			<State id="modelId">
				<ValueType>String</ValueType>
				<TriggerLabel>type</TriggerLabel>
				<ControlPageLabel>type</ControlPageLabel>
			</State>
			<State id="type">
				<ValueType>String</ValueType>
				<TriggerLabel>type</TriggerLabel>
				<ControlPageLabel>type</ControlPageLabel>
			</State>
		</States>
	</Device>
    <!-- LightStrips Device -->
	<Device type="dimmer" id="hueLightStrips">
		<Name>Light Strips</Name>
		<ConfigUI>
			<Field id="hubNumber" type="menu"
				tooltip="Select the Gateway / Bridge this device is associated with">
				<Label>Hue Bridge number:</Label>
				<List class="self" method="gwListGenerator" filter = "active" dynamicReload="true"/> 
			</Field>
			<Field id="confirmGWNumber" type="button">
				<Label>click to</Label>
				<Title>select GW Number</Title>
				<CallbackMethod>confirmGWNumber</CallbackMethod>
			</Field>
			<Field id="confirmHubNumberText" type="textfield" default =""  >	</Field>

			<Field id="bulbId" type="menu"
				tooltip="Select a light to control. This menu only shows light strips.">
				<Label>Hue Device:</Label>
				<List class="self" method="bulbListGenerator" filter="Color temperature light" dynamicReload="true"/> 
			</Field>
			<Field id="defaultBrightness" type="textfield"
				tooltip="Optionally set a default brightness level used whenever an On command is sent to this light. If no value is entered, when an On command is sent, the light will return to the brightness it was at before being turned off. Range is 1 to 100 percent.">
				<Label>Default Brightness:</Label>
			</Field>
			<Field id="labelDefaultBrightness" type="label" alignWithControl="true" fontSize="small" fontColor="darkgray">
				<Label>(1 - 100 percent)
Optionally set a default brightness level used whenever an ON command is sent to this device.  If no value is entered, when an ON command is sent, the device will return to the brightness it was at before being turned off.
</Label>
			</Field>
			<Field id="rate" type="textfield"
				tooltip="Optionally override the default Ramp Rate (transition time) by entering the number of seconds the light should take to change settings, if not overriden by the action telling it to change. Accurate to 0.1 seconds. A value of 0 makes changes instant.">
				<Label>Ramp Rate:</Label>
			</Field>
			<Field id="labelRate" type="label" alignWithControl="true" fontSize="small" fontColor="darkgray">
				<Label>(0 - 540 seconds)
0 = instant.
Optionally override the default Ramp Rate (transition time), accurate to 0.1 seconds.
</Label>
			</Field>
			<Field id="noOnRampRate" type="checkbox" defaultValue="false"
				tooltip="Check this box to ignore ramp rates (transition times) when turning On this device. Some non-Hue devices don't support On transtion times.">
				<Label>Disable ON Ramp Rate</Label>
			</Field>
			<Field id="noOffRampRate" type="checkbox" defaultValue="false"
				tooltip="Check this box to ignore ramp rates (transition times) when turning Off this device. Some non-Hue devices don't support Off transtion times.">
				<Label>Disable OFF Ramp Rate</Label>
			</Field>
			<Field id="labelNoRates" type="label" alignWithControl="true" fontSize="small" fontColor="darkgray">
				<Label>Some non-Hue devices don't support ON or OFF transition times. If you find a light doesn't trun ON or OFF when it should, try checking one or both of the above check boxes.</Label>
			</Field>
			<Field id="logChanges" type="checkbox" defaultValue="True" hidden="false">
				<Label>log events and changes to indigolog</Label>
			</Field>
			<Field id="savedBrightness" type="textfield" hidden="true" />
		</ConfigUI>
		<States>
			<State id="created">
				<ValueType>String</ValueType>
				<TriggerLabel>created</TriggerLabel>
				<ControlPageLabel>created</ControlPageLabel>
			</State>
			<State id="hue">
				<ValueType>Number</ValueType>
				<TriggerLabel>Hue (°)</TriggerLabel>
				<ControlPageLabel>Hue (°)</ControlPageLabel>
			</State>
			<State id="saturation">
				<ValueType>Number</ValueType>
				<TriggerLabel>Saturation (%)</TriggerLabel>
				<ControlPageLabel>Saturation (%)</ControlPageLabel>
			</State>
			<State id="colorRed">
				<ValueType>Number</ValueType>
				<TriggerLabel>Red Level (0-255)</TriggerLabel>
				<ControlPageLabel>Red Level (0-255)</ControlPageLabel>
			</State>
			<State id="colorGreen">
				<ValueType>Number</ValueType>
				<TriggerLabel>Green Level (0-255)</TriggerLabel>
				<ControlPageLabel>Green Level (0-255)</ControlPageLabel>
			</State>
			<State id="colorBlue">
				<ValueType>Number</ValueType>
				<TriggerLabel>Blue Level (0-255)</TriggerLabel>
				<ControlPageLabel>Blue Level (0-255)</ControlPageLabel>
			</State>
			<State id="colorX">
				<ValueType>Number</ValueType>
				<TriggerLabel>X Color Chromaticity</TriggerLabel>
				<ControlPageLabel>X Color Chromaticity (CIE 1931)</ControlPageLabel>
			</State>
			<State id="colorY">
				<ValueType>Number</ValueType>
				<TriggerLabel>Y Color Chromaticity</TriggerLabel>
				<ControlPageLabel>Y Color Chromaticity (CIE 1931)</ControlPageLabel>
			</State>
			<State id="colorTemp">
				<ValueType>Number</ValueType>
				<TriggerLabel>Color Temperature (K)</TriggerLabel>
				<ControlPageLabel>Color Temperature (K)</ControlPageLabel>
			</State>
			<State id="colorMode">
				<ValueType>String</ValueType>
				<TriggerLabel>Color Mode</TriggerLabel>
				<ControlPageLabel>Color Mode</ControlPageLabel>
			</State>
			<State id="alertMode">
				<ValueType>String</ValueType>
				<TriggerLabel>Alert Mode</TriggerLabel>
				<ControlPageLabel>Alert Mode</ControlPageLabel>
			</State>
			<State id="effect">
				<ValueType>String</ValueType>
				<TriggerLabel>Effect</TriggerLabel>
				<ControlPageLabel>Effect</ControlPageLabel>
			</State>
			<State id="online">
				<ValueType>Boolean</ValueType>
				<TriggerLabel>Online</TriggerLabel>
				<ControlPageLabel>Online</ControlPageLabel>
			</State>
			<State id="nameOnBridge">
				<ValueType>String</ValueType>
				<TriggerLabel>type</TriggerLabel>
				<ControlPageLabel>type</ControlPageLabel>
			</State>
			<State id="manufacturerName">
				<ValueType>String</ValueType>
				<TriggerLabel>type</TriggerLabel>
				<ControlPageLabel>type</ControlPageLabel>
			</State>
			<State id="uniqueId">
				<ValueType>String</ValueType>
				<TriggerLabel>type</TriggerLabel>
				<ControlPageLabel>type</ControlPageLabel>
			</State>
			<State id="modelId">
				<ValueType>String</ValueType>
				<TriggerLabel>type</TriggerLabel>
				<ControlPageLabel>type</ControlPageLabel>
			</State>
			<State id="type">
				<ValueType>String</ValueType>
				<TriggerLabel>type</TriggerLabel>
				<ControlPageLabel>type</ControlPageLabel>
			</State>
		</States>
	</Device>
    <!-- LivingColors Bloom Device -->
	<Device type="dimmer" id="hueLivingColorsBloom">
		<Name>Color Lights (Aura, Bloom, StoryLight, LivingColors, etc.)</Name>
		<ConfigUI>
			<Field id="hubNumber" type="menu"
				tooltip="Select the Gateway / Bridge this device is associated with">
				<Label>Hue Bridge number:</Label>
				<List class="self" method="gwListGenerator" filter = "active" dynamicReload="true"/> 
			</Field>
			<Field id="confirmGWNumber" type="button">
				<Label>click to</Label>
				<Title>select GW Number</Title>
				<CallbackMethod>confirmGWNumber</CallbackMethod>
			</Field>
			<Field id="confirmHubNumberText" type="textfield" default =""  >	</Field>

			<Field id="bulbId" type="menu"
				tooltip="Select a light to control. This menu shows color lights such as the Bloom, StoryLight and other color lights. It does not include LightStrips or color temperature lights.">
				<Label>Hue Device:</Label>
				<List class="self" method="bulbListGenerator" filter="Color temperature light" dynamicReload="true"/> 
			</Field>
			<Field id="defaultBrightness" type="textfield"
				tooltip="Optionally set a default brightness level used whenever an On command is sent to this light. If no value is entered, when an On command is sent, the light will return to the brightness it was at before being turned off. Range is 1 to 100 percent.">
				<Label>Default Brightness:</Label>
			</Field>
			<Field id="labelDefaultBrightness" type="label" alignWithControl="true" fontSize="small" fontColor="darkgray">
				<Label>(1 - 100 percent)
Optionally set a default brightness level used whenever an ON command is sent to this device.  If no value is entered, when an ON command is sent, the device will return to the brightness it was at before being turned off.
</Label>
			</Field>
			<Field id="rate" type="textfield"
				tooltip="Optionally override the default Ramp Rate (transition time) by entering the number of seconds the light should take to change settings, if not overriden by the action telling it to change. Accurate to 0.1 seconds. A value of 0 makes changes instant.">
				<Label>Ramp Rate:</Label>
			</Field>
			<Field id="labelRate" type="label" alignWithControl="true" fontSize="small" fontColor="darkgray">
				<Label>(0 - 540 seconds)
0 = instant.
Optionally override the default Ramp Rate (transition time), accurate to 0.1 seconds.
</Label>
			</Field>
			<Field id="noOnRampRate" type="checkbox" defaultValue="false"
				tooltip="Check this box to ignore ramp rates (transition times) when turning On this device. Some non-Hue devices don't support On transtion times.">
				<Label>Disable ON Ramp Rate</Label>
			</Field>
			<Field id="noOffRampRate" type="checkbox" defaultValue="false"
				tooltip="Check this box to ignore ramp rates (transition times) when turning Off this device. Some non-Hue devices don't support Off transtion times.">
				<Label>Disable OFF Ramp Rate</Label>
			</Field>
			<Field id="labelNoRates" type="label" alignWithControl="true" fontSize="small" fontColor="darkgray">
				<Label>Some non-Hue devices don't support ON or OFF transition times. If you find a light doesn't trun ON or OFF when it should, try checking one or both of the above check boxes.</Label>
			</Field>
			<Field id="logChanges" type="checkbox" defaultValue="True" hidden="false">
				<Label>log events and changes to indigolog</Label>
			</Field>
			<Field id="savedBrightness" type="textfield" hidden="true" />
		</ConfigUI>
		<States>
			<State id="created">
				<ValueType>String</ValueType>
				<TriggerLabel>created</TriggerLabel>
				<ControlPageLabel>created</ControlPageLabel>
			</State>
			<State id="hue">
				<ValueType>Number</ValueType>
				<TriggerLabel>Hue (°)</TriggerLabel>
				<ControlPageLabel>Hue (°)</ControlPageLabel>
			</State>
			<State id="saturation">
				<ValueType>Number</ValueType>
				<TriggerLabel>Saturation (%)</TriggerLabel>
				<ControlPageLabel>Saturation (%)</ControlPageLabel>
			</State>
			<State id="colorRed">
				<ValueType>Number</ValueType>
				<TriggerLabel>Red Level (0-255)</TriggerLabel>
				<ControlPageLabel>Red Level (0-255)</ControlPageLabel>
			</State>
			<State id="colorGreen">
				<ValueType>Number</ValueType>
				<TriggerLabel>Green Level (0-255)</TriggerLabel>
				<ControlPageLabel>Green Level (0-255)</ControlPageLabel>
			</State>
			<State id="colorBlue">
				<ValueType>Number</ValueType>
				<TriggerLabel>Blue Level (0-255)</TriggerLabel>
				<ControlPageLabel>Blue Level (0-255)</ControlPageLabel>
			</State>
			<State id="colorX">
				<ValueType>Number</ValueType>
				<TriggerLabel>X Color Chromaticity</TriggerLabel>
				<ControlPageLabel>X Color Chromaticity (CIE 1931)</ControlPageLabel>
			</State>
			<State id="colorY">
				<ValueType>Number</ValueType>
				<TriggerLabel>Y Color Chromaticity</TriggerLabel>
				<ControlPageLabel>Y Color Chromaticity (CIE 1931)</ControlPageLabel>
			</State>
			<State id="colorMode">
				<ValueType>String</ValueType>
				<TriggerLabel>Color Mode</TriggerLabel>
				<ControlPageLabel>Color Mode</ControlPageLabel>
			</State>
			<State id="alertMode">
				<ValueType>String</ValueType>
				<TriggerLabel>Alert Mode</TriggerLabel>
				<ControlPageLabel>Alert Mode</ControlPageLabel>
			</State>
			<State id="effect">
				<ValueType>String</ValueType>
				<TriggerLabel>Effect</TriggerLabel>
				<ControlPageLabel>Effect</ControlPageLabel>
			</State>
			<State id="online">
				<ValueType>Boolean</ValueType>
				<TriggerLabel>Online</TriggerLabel>
				<ControlPageLabel>Online</ControlPageLabel>
			</State>
			<State id="nameOnBridge">
				<ValueType>String</ValueType>
				<TriggerLabel>type</TriggerLabel>
				<ControlPageLabel>type</ControlPageLabel>
			</State>
			<State id="manufacturerName">
				<ValueType>String</ValueType>
				<TriggerLabel>type</TriggerLabel>
				<ControlPageLabel>type</ControlPageLabel>
			</State>
			<State id="uniqueId">
				<ValueType>String</ValueType>
				<TriggerLabel>type</TriggerLabel>
				<ControlPageLabel>type</ControlPageLabel>
			</State>
			<State id="modelId">
				<ValueType>String</ValueType>
				<TriggerLabel>type</TriggerLabel>
				<ControlPageLabel>type</ControlPageLabel>
			</State>
			<State id="type">
				<ValueType>String</ValueType>
				<TriggerLabel>type</TriggerLabel>
				<ControlPageLabel>type</ControlPageLabel>
			</State>
		</States>
	</Device>
    <!-- LivingWhites Device -->
	<Device type="dimmer" id="hueLivingWhites">
		<Name>LivingWhites (Hue Lux, generic dimmable device, etc.)</Name>
		<ConfigUI>
			<Field id="hubNumber" type="menu"
				tooltip="Select the Gateway / Bridge this device is associated with">
				<Label>Hue Bridge number:</Label>
				<List class="self" method="gwListGenerator" filter = "active" dynamicReload="true"/> 
			</Field>
			<Field id="confirmGWNumber" type="button">
				<Label>click to</Label>
				<Title>select GW Number</Title>
				<CallbackMethod>confirmGWNumber</CallbackMethod>
			</Field>
			<Field id="confirmHubNumberText" type="textfield" default =""  >	</Field>

			<Field id="bulbId" type="menu"
				tooltip="Select a light to control. This menu shows basic dimming lights that don't support any color changes.">
				<Label>Hue Device:</Label>
				<List class="self" method="bulbListGenerator" filter="Dimmable light" dynamicReload="true" />
			</Field>
			<Field id="defaultBrightness" type="textfield"
				tooltip="Optionally set a default brightness level used whenever an On command is sent to this light. If no value is entered, when an On command is sent, the light will return to the brightness it was at before being turned off. Range is 1 to 100 percent.">
				<Label>Default Brightness:</Label>
			</Field>
			<Field id="labelDefaultBrightness" type="label" alignWithControl="true" fontSize="small" fontColor="darkgray">
				<Label>(1 - 100 percent)
Optionally set a default brightness level used whenever an ON command is sent to this device.  If no value is entered, when an ON command is sent, the bulb will return to the brightness it was at before being turned off.
</Label>
			</Field>
			<Field id="rate" type="textfield"
				tooltip="Optionally override the default Ramp Rate (transition time) by entering the number of seconds the light should take to change settings, if not overriden by the action telling it to change. Accurate to 0.1 seconds. A value of 0 makes changes instant.">
				<Label>Ramp Rate:</Label>
			</Field>
			<Field id="labelRate" type="label" alignWithControl="true" fontSize="small" fontColor="darkgray">
				<Label>(0 - 540 seconds)
0 = instant.
Optionally override the default Ramp Rate (transition time), accurate to 0.1 seconds.
</Label>
			</Field>
			<Field id="noOnRampRate" type="checkbox" defaultValue="false"
				tooltip="Check this box to ignore ramp rates (transition times) when turning On this device. Some non-Hue devices don't support On transtion times.">
				<Label>Disable ON Ramp Rate</Label>
			</Field>
			<Field id="noOffRampRate" type="checkbox" defaultValue="false"
				tooltip="Check this box to ignore ramp rates (transition times) when turning Off this device. Some non-Hue devices don't support Off transtion times.">
				<Label>Disable OFF Ramp Rate</Label>
			</Field>
			<Field id="labelNoRates" type="label" alignWithControl="true" fontSize="small" fontColor="darkgray">
				<Label>Some non-Hue devices don't support ON or OFF transition times. If you find a light doesn't trun ON or OFF when it should, try checking one or both of the above check boxes.</Label>
			</Field>
			<Field id="logChanges" type="checkbox" defaultValue="True" hidden="false">
				<Label>log events and changes to indigolog</Label>
			</Field>
			<Field id="savedBrightness" type="textfield" hidden="true" />
		</ConfigUI>
		<States>
			<State id="created">
				<ValueType>String</ValueType>
				<TriggerLabel>created</TriggerLabel>
				<ControlPageLabel>created</ControlPageLabel>
			</State>
			<State id="alertMode">
				<ValueType>String</ValueType>
				<TriggerLabel>Alert Mode</TriggerLabel>
				<ControlPageLabel>Alert Mode</ControlPageLabel>
			</State>
			<State id="effect">
				<ValueType>String</ValueType>
				<TriggerLabel>Effect</TriggerLabel>
				<ControlPageLabel>Effect</ControlPageLabel>
			</State>
			<State id="online">
				<ValueType>Boolean</ValueType>
				<TriggerLabel>Online</TriggerLabel>
				<ControlPageLabel>Online</ControlPageLabel>
			</State>
			<State id="nameOnBridge">
				<ValueType>String</ValueType>
				<TriggerLabel>type</TriggerLabel>
				<ControlPageLabel>type</ControlPageLabel>
			</State>
			<State id="manufacturerName">
				<ValueType>String</ValueType>
				<TriggerLabel>type</TriggerLabel>
				<ControlPageLabel>type</ControlPageLabel>
			</State>
			<State id="uniqueId">
				<ValueType>String</ValueType>
				<TriggerLabel>type</TriggerLabel>
				<ControlPageLabel>type</ControlPageLabel>
			</State>
			<State id="modelId">
				<ValueType>String</ValueType>
				<TriggerLabel>type</TriggerLabel>
				<ControlPageLabel>type</ControlPageLabel>
			</State>
			<State id="type">
				<ValueType>String</ValueType>
				<TriggerLabel>type</TriggerLabel>
				<ControlPageLabel>type</ControlPageLabel>
			</State>
		</States>
	</Device>
    <!-- On/Off Only Device -->
	<Device type="relay" id="hueOnOffDevice">
		<Name>On/Off Device (Hue Smart Plug, etc.)</Name>
		<ConfigUI>
			<Field id="hubNumber" type="menu"
				tooltip="Select the Gateway / Bridge this device is associated with">
				<Label>Hue Bridge number:</Label>
				<List class="self" method="gwListGenerator" filter = "active" dynamicReload="true"/> 
			</Field>
			<Field id="confirmGWNumber" type="button">
				<Label>click to</Label>
				<Title>select GW Number</Title>
				<CallbackMethod>confirmGWNumber</CallbackMethod>
			</Field>
			<Field id="confirmHubNumberText" type="textfield" default =""  >	</Field>

			<Field id="bulbId" type="menu"
				tooltip="Select an on/off device to control. This menu shows basic on/off devices that don't support any color changes or dimming capabilities.">
				<Label>Hue Device:</Label>
				<List class="self" method="bulbListGenerator" filter="On/Off" dynamicReload="true"/>
			</Field>
			<Field id="logChanges" type="checkbox" defaultValue="True" hidden="false">
				<Label>log events and changes to indigolog</Label>
			</Field>
		</ConfigUI>
		<States>
			<State id="created">
				<ValueType>String</ValueType>
				<TriggerLabel>created</TriggerLabel>
				<ControlPageLabel>created</ControlPageLabel>
			</State>
			<State id="alertMode">
				<ValueType>String</ValueType>
				<TriggerLabel>Alert Mode</TriggerLabel>
				<ControlPageLabel>Alert Mode</ControlPageLabel>
			</State>
			<State id="online">
				<ValueType>Boolean</ValueType>
				<TriggerLabel>Online</TriggerLabel>
				<ControlPageLabel>Online</ControlPageLabel>
			</State>
			<State id="nameOnBridge">
				<ValueType>String</ValueType>
				<TriggerLabel>type</TriggerLabel>
				<ControlPageLabel>type</ControlPageLabel>
			</State>
			<State id="manufacturerName">
				<ValueType>String</ValueType>
				<TriggerLabel>type</TriggerLabel>
				<ControlPageLabel>type</ControlPageLabel>
			</State>
			<State id="uniqueId">
				<ValueType>String</ValueType>
				<TriggerLabel>type</TriggerLabel>
				<ControlPageLabel>type</ControlPageLabel>
			</State>
			<State id="modelId">
				<ValueType>String</ValueType>
				<TriggerLabel>type</TriggerLabel>
				<ControlPageLabel>type</ControlPageLabel>
			</State>
			<State id="type">
				<ValueType>String</ValueType>
				<TriggerLabel>type</TriggerLabel>
				<ControlPageLabel>type</ControlPageLabel>
			</State>
		</States>
	</Device>
    <!-- Hue Group Device -->
	<Device type="dimmer" id="hueGroup">
		<Name>Hue Group</Name>
		<ConfigUI>
			<Field id="hubNumber" type="menu"
				tooltip="Select the Gateway / Bridge this device is associated with">
				<Label>Hue Bridge number:</Label>
				<List class="self" method="gwListGenerator" filter = "active" dynamicReload="true"/> 
			</Field>
			<Field id="confirmGWNumber" type="button">
				<Label>click to</Label>
				<Title>select GW Number</Title>
				<CallbackMethod>confirmGWNumber</CallbackMethod>
			</Field>
			<Field id="confirmHubNumberText" type="textfield" default =""  >	</Field>

			<Field id="groupId" type="menu"
				tooltip="Select a Hue Group to control. This menu contains all the groups saved in the Hue hub. Groups can contain any combination of Hue supported lights.">
				<Label>Hue Group:</Label>
				<List class="self" method="groupListGenerator" filter ="" dynamicReload="true"/>
				<CallbackMethod>groupsListItemSelected</CallbackMethod>
			</Field>
			<Field id="groupLights" type="list" defaultValue="" readonly="true" enabledBindingId="groupLightsDisabler"
				tooltip="This list shows which lights are affected by the Hue Group selected above. These can only be edited using a 3rd party app such as the Hue app for iOS or Android.">
				<Label>Lights Affected:</Label>
				<List class="self" method="groupLightsListGenerator" dynamicReload="true"></List>
			</Field>
			<Field id="groupLightsLabel" type="label" alignWithControl="true" fontSize="small" fontColor="darkgray">
				<Label>This list shows which lights are affected by the Hue Group selectioned above. These can only be edited using a 3rd party app such as the Hue app for iOS or Android.
</Label>
			</Field>
			<Field id="groupLightsDisabler" type="checkbox" defaultValue="false" hidden="true">
				<!-- This hidden, static value field is necessary in order to disable the Lights list
				 field above because using the "readonly" property appears to have no effect with
				 Indigo 7.0.2 and earlier. -->
				<Label></Label>
			</Field>
			<Field id="defaultBrightness" type="textfield"
				tooltip="Optionally set a default brightness level used whenever an On command is sent to this group. If no value is entered, when an On command is sent, the group will return to the brightness it was at before being turned off. Range is 1 to 100 percent.">
				<Label>Default Brightness:</Label>
			</Field>
			<Field id="labelDefaultBrightness" type="label" alignWithControl="true" fontSize="small" fontColor="darkgray">
				<Label>(1 - 100 percent)
Optionally set a default brightness level used whenever an ON command is sent to this group.  If no value is entered, when an ON command is sent, the group will return to the brightness it was last set to.
</Label>
			</Field>
			<Field id="rate" type="textfield"
				tooltip="Optionally override the default Ramp Rate (transition time) by entering the number of seconds the group should take to change settings, if not overriden by the action telling it to change. Accurate to 0.1 seconds. A value of 0 makes changes instant.">
				<Label>Ramp Rate:</Label>
			</Field>
			<Field id="labelRate" type="label" alignWithControl="true" fontSize="small" fontColor="darkgray">
				<Label>(0 - 540 seconds)
0 = instant.
Optionally override the default Ramp Rate (transition time), accurate to 0.1 seconds.
</Label>
			</Field>
			<Field id="noOnRampRate" type="checkbox" defaultValue="false"
				tooltip="Check this box to ignore ramp rates (transition times) when turning On this device. Some non-Hue devices don't support On transtion times.">
				<Label>Disable ON Ramp Rate</Label>
			</Field>
			<Field id="noOffRampRate" type="checkbox" defaultValue="false"
				tooltip="Check this box to ignore ramp rates (transition times) when turning Off this device. Some non-Hue devices don't support Off transtion times.">
				<Label>Disable OFF Ramp Rate</Label>
			</Field>
			<Field id="labelNoRates" type="label" alignWithControl="true" fontSize="small" fontColor="darkgray">
				<Label>Some non-Hue devices don't support ON or OFF transition times. If you find a light doesn't trun ON or OFF when it should, try checking one or both of the above check boxes.</Label>
			</Field>
			<Field id="logChanges" type="checkbox" defaultValue="True" hidden="false">
				<Label>log events and changes to indigolog</Label>
			</Field>
			<Field id="savedBrightness" type="textfield" hidden="true" />
		</ConfigUI>
		<States>
			<State id="created">
				<ValueType>String</ValueType>
				<TriggerLabel>created</TriggerLabel>
				<ControlPageLabel>created</ControlPageLabel>
			</State>
			<State id="hue">
				<ValueType>Number</ValueType>
				<TriggerLabel>Hue (°)</TriggerLabel>
				<ControlPageLabel>Hue (°)</ControlPageLabel>
			</State>
			<State id="saturation">
				<ValueType>Number</ValueType>
				<TriggerLabel>Saturation (%)</TriggerLabel>
				<ControlPageLabel>Saturation (%)</ControlPageLabel>
			</State>
			<State id="colorRed">
				<ValueType>Number</ValueType>
				<TriggerLabel>Red Level (0-255)</TriggerLabel>
				<ControlPageLabel>Red Level (0-255)</ControlPageLabel>
			</State>
			<State id="colorGreen">
				<ValueType>Number</ValueType>
				<TriggerLabel>Green Level (0-255)</TriggerLabel>
				<ControlPageLabel>Green Level (0-255)</ControlPageLabel>
			</State>
			<State id="colorBlue">
				<ValueType>Number</ValueType>
				<TriggerLabel>Blue Level (0-255)</TriggerLabel>
				<ControlPageLabel>Blue Level (0-255)</ControlPageLabel>
			</State>
			<State id="colorX">
				<ValueType>Number</ValueType>
				<TriggerLabel>X Color Chromaticity</TriggerLabel>
				<ControlPageLabel>X Color Chromaticity (CIE 1931)</ControlPageLabel>
			</State>
			<State id="colorY">
				<ValueType>Number</ValueType>
				<TriggerLabel>Y Color Chromaticity</TriggerLabel>
				<ControlPageLabel>Y Color Chromaticity (CIE 1931)</ControlPageLabel>
			</State>
			<State id="colorTemp">
				<ValueType>Number</ValueType>
				<TriggerLabel>Color Temperature (K)</TriggerLabel>
				<ControlPageLabel>Color Temperature (K)</ControlPageLabel>
			</State>
			<State id="colorMode">
				<ValueType>String</ValueType>
				<TriggerLabel>Color Mode</TriggerLabel>
				<ControlPageLabel>Color Mode</ControlPageLabel>
			</State>
			<State id="alertMode">
				<ValueType>String</ValueType>
				<TriggerLabel>Alert Mode</TriggerLabel>
				<ControlPageLabel>Alert Mode</ControlPageLabel>
			</State>
			<State id="effect">
				<ValueType>String</ValueType>
				<TriggerLabel>Effect</TriggerLabel>
				<ControlPageLabel>Effect</ControlPageLabel>
			</State>
			<State id="lightIds">
				<ValueType>String</ValueType>
				<TriggerLabel>light IDs</TriggerLabel>
				<ControlPageLabel>light IDs</ControlPageLabel>
			</State>
			<State id="sensorIds">
				<ValueType>String</ValueType>
				<TriggerLabel>sensor IDs</TriggerLabel>
				<ControlPageLabel>sensor IDs</ControlPageLabel>
			</State>
			<State id="allOn">
				<ValueType>Boolean</ValueType>
				<TriggerLabel>All Lights On</TriggerLabel>
				<ControlPageLabel>All Lights On</ControlPageLabel>
			</State>
			<State id="anyOn">
				<ValueType>Boolean</ValueType>
				<TriggerLabel>Any Lights On</TriggerLabel>
				<ControlPageLabel>Any Lights On</ControlPageLabel>
			</State>
			<State id="nameOnBridge">
				<ValueType>String</ValueType>
				<TriggerLabel>type</TriggerLabel>
				<ControlPageLabel>type</ControlPageLabel>
			</State>
			<State id="groupClass">
				<ValueType>String</ValueType>
				<TriggerLabel>type</TriggerLabel>
				<ControlPageLabel>type</ControlPageLabel>
			</State>
			<State id="type">
				<ValueType>String</ValueType>
				<TriggerLabel>type</TriggerLabel>
				<ControlPageLabel>type</ControlPageLabel>
			</State>
		</States>
	</Device>

	
	<!-- SENSOR DEVICES -->
	<!-- Hue Motion Sensor (multi-sensor) -->
	<!--   MOTION   -->
	<Device type="sensor" id="hueMotionSensor">
		<Name>Hue Motion Sensor (Motion)</Name>
		<ConfigUI>
			<Field id="hubNumber" type="menu"
				tooltip="Select the Gateway / Bridge this device is associated with">
				<Label>Hue Bridge number:</Label>
				<List class="self" method="gwListGenerator" filter = "active" dynamicReload="true"/> 
			</Field>
			<Field id="confirmGWNumber" type="button">
				<Label>click to</Label>
				<Title>select GW Number</Title>
				<CallbackMethod>confirmGWNumber</CallbackMethod>
			</Field>
			<Field id="confirmHubNumberText" type="textfield" default =""  >	</Field>

			<Field id="sensorId" type="menu"
				tooltip="Select a Hue Motion Sensor.">
				<Label>Hue Sensor:</Label>
				<List class="self" method="sensorListGenerator" filter="hueMotionSensor"  dynamicReload="true"/>
			</Field>
			<Field id="logChanges" type="checkbox" defaultValue="True" hidden="false">
				<Label>log events and changes to indigolog</Label>
			</Field>
		</ConfigUI>
		<States>
			<State id="created">
				<ValueType>String</ValueType>
				<TriggerLabel>created</TriggerLabel>
				<ControlPageLabel>created</ControlPageLabel>
			</State>
			<State id="alertMode">
				<ValueType>String</ValueType>
				<TriggerLabel>Alert Mode</TriggerLabel>
				<ControlPageLabel>Alert Mode</ControlPageLabel>
			</State>
			<State id="sensitivity">
				<ValueType>Number</ValueType>
				<TriggerLabel>Sensitivity</TriggerLabel>
				<ControlPageLabel>Sensitivity</ControlPageLabel>
			</State>
			<State id="sensitivityMax">
				<ValueType>Number</ValueType>
				<TriggerLabel>Maximum Sensitivity</TriggerLabel>
				<ControlPageLabel>Maximum Sensitivity</ControlPageLabel>
			</State>
			<State id="online">
				<ValueType>Boolean</ValueType>
				<TriggerLabel>Online</TriggerLabel>
				<ControlPageLabel>Online</ControlPageLabel>
			</State>
			<State id="testMode">
				<ValueType>Boolean</ValueType>
				<TriggerLabel>Test Mode</TriggerLabel>
				<ControlPageLabel>Test Mode</ControlPageLabel>
			</State>
			<State id="ledEnabled">
				<ValueType>Boolean</ValueType>
				<TriggerLabel>LED Enabled</TriggerLabel>
				<ControlPageLabel>LED Enabled</ControlPageLabel>
			</State>
			<State id="lastUpdated">
				<ValueType>String</ValueType>
				<TriggerLabel>Last Updated on Hub</TriggerLabel>
				<ControlPageLabel>Last Updated on Hub</ControlPageLabel>
			</State>
			<State id="nameOnBridge">
				<ValueType>String</ValueType>
				<TriggerLabel>type</TriggerLabel>
				<ControlPageLabel>type</ControlPageLabel>
			</State>
			<State id="manufacturerName">
				<ValueType>String</ValueType>
				<TriggerLabel>type</TriggerLabel>
				<ControlPageLabel>type</ControlPageLabel>
			</State>
			<State id="modelId">
				<ValueType>String</ValueType>
				<TriggerLabel>type</TriggerLabel>
				<ControlPageLabel>type</ControlPageLabel>
			</State>
			<State id="type">
				<ValueType>String</ValueType>
				<TriggerLabel>type</TriggerLabel>
				<ControlPageLabel>type</ControlPageLabel>
			</State>
		</States>
	</Device>
	<!--   TEMPERATURE   -->
	<Device type="sensor" id="hueMotionTemperatureSensor">
		<Name>Hue Motion Sensor (Temperature)</Name>
		<ConfigUI>
			<Field id="hubNumber" type="menu"
				tooltip="Select the Gateway / Bridge this device is associated with">
				<Label>Hue Bridge number:</Label>
				<List class="self" method="gwListGenerator" filter = "active" dynamicReload="true"/> 
			</Field>
			<Field id="confirmGWNumber" type="button">
				<Label>click to</Label>
				<Title>select GW Number</Title>
				<CallbackMethod>confirmGWNumber</CallbackMethod>
			</Field>
			<Field id="confirmHubNumberText" type="textfield" default =""  >	</Field>

			<Field id="sensorId" type="menu"
				tooltip="Select a Hue Motion Sensor.">
				<Label>Hue Sensor:</Label>
				<List class="self" method="sensorListGenerator" filter="hueMotionTemperatureSensor"  dynamicReload="true"/>
			</Field>
			<Field id="temperatureScale" type="menu" defaultValue="c"
				tooltip="Select a temperature scale to display in Indigo.">
				<Label>Temperature Scale:</Label>
				<List>
					<Option value="c">Celsius</Option>
					<Option value="f">Fahrenheit</Option>
				</List>
			</Field>
			<Field id="sensorOffset" type="textfield"
				tooltip="Optionally set a calibration offset if the sensor readings are inaccurate.">
				<Label>Calibration Offset:</Label>
			</Field>
			<Field id="labelSensorOffset" type="label" alignWithControl="true" fontSize="small" fontColor="darkgray">
				<Label>(-10 to 10 degrees)
Optionally set a calibration offset if the sensor readings are inaccurate.
</Label>
			</Field>
			<Field id="logChanges" type="checkbox" defaultValue="True" hidden="false">
				<Label>log events and changes to indigolog</Label>
			</Field>
		</ConfigUI>
		<States>
			<State id="created">
				<ValueType>String</ValueType>
				<TriggerLabel>created</TriggerLabel>
				<ControlPageLabel>created</ControlPageLabel>
			</State>
			<State id="alertMode">
				<ValueType>String</ValueType>
				<TriggerLabel>Alert Mode</TriggerLabel>
				<ControlPageLabel>Alert Mode</ControlPageLabel>
			</State>
			<State id="online">
				<ValueType>Boolean</ValueType>
				<TriggerLabel>Online</TriggerLabel>
				<ControlPageLabel>Online</ControlPageLabel>
			</State>
			<State id="testMode">
				<ValueType>Boolean</ValueType>
				<TriggerLabel>Test Mode</TriggerLabel>
				<ControlPageLabel>Test Mode</ControlPageLabel>
			</State>
			<State id="ledEnabled">
				<ValueType>Boolean</ValueType>
				<TriggerLabel>LED Enabled</TriggerLabel>
				<ControlPageLabel>LED Enabled</ControlPageLabel>
			</State>
			<State id="lastUpdated">
				<ValueType>String</ValueType>
				<TriggerLabel>Last Updated on Hub</TriggerLabel>
				<ControlPageLabel>Last Updated on Hub</ControlPageLabel>
			</State>
			<State id="temperatureC">
				<ValueType>Number</ValueType>
				<TriggerLabel>Temperature (ºC)</TriggerLabel>
				<ControlPageLabel>Temperature (ºC)</ControlPageLabel>
			</State>
			<State id="temperatureF">
				<ValueType>Number</ValueType>
				<TriggerLabel>Temperature (ºF)</TriggerLabel>
				<ControlPageLabel>Temperature (ºF)</ControlPageLabel>
			</State>
			<State id="nameOnBridge">
				<ValueType>String</ValueType>
				<TriggerLabel>type</TriggerLabel>
				<ControlPageLabel>type</ControlPageLabel>
			</State>
			<State id="manufacturerName">
				<ValueType>String</ValueType>
				<TriggerLabel>type</TriggerLabel>
				<ControlPageLabel>type</ControlPageLabel>
			</State>
			<State id="uniqueId">
				<ValueType>String</ValueType>
				<TriggerLabel>type</TriggerLabel>
				<ControlPageLabel>type</ControlPageLabel>
			</State>
			<State id="modelId">
				<ValueType>String</ValueType>
				<TriggerLabel>type</TriggerLabel>
				<ControlPageLabel>type</ControlPageLabel>
			</State>
			<State id="type">
				<ValueType>String</ValueType>
				<TriggerLabel>type</TriggerLabel>
				<ControlPageLabel>type</ControlPageLabel>
			</State>
		</States>
	</Device>
	<!--   LUMINANCE   -->
	<Device type="sensor" id="hueMotionLightSensor">
		<Name>Hue Motion Sensor (Luminance)</Name>
		<ConfigUI>
			<Field id="AllowOnStateChange" 		type="checkbox" defaultValue="false" hidden="false" ><Label>Allow OnStateChange:</Label></Field>
			<Field id="SupportsOnState" 		type="checkbox" defaultValue="true"  hidden="false" ><Label>Supports OnState:</Label></Field>
			<Field id="hubNumber" type="menu"
				tooltip="Select the Gateway / Bridge this device is associated with">
				<Label>Hue Bridge number:</Label>
				<List class="self" method="gwListGenerator" filter = "active" dynamicReload="true"/> 
			</Field>
			<Field id="confirmGWNumber" type="button">
				<Label>click to</Label>
				<Title>select GW Number</Title>
				<CallbackMethod>confirmGWNumber</CallbackMethod>
			</Field>
			<Field id="confirmHubNumberText" type="textfield" default =""  >	</Field>

			<Field id="sensorId" type="menu"
				tooltip="Select a Hue Motion Sensor.">
				<Label>Hue Sensor:</Label>
				<List class="self" method="sensorListGenerator" filter="hueMotionLightSensor"  dynamicReload="true"/>
			</Field>
			<Field id="logChanges" type="checkbox" defaultValue="True" hidden="false">
				<Label>log events and changes to indigolog</Label>
			</Field>
		</ConfigUI>
		<States>
			<State id="created">
				<ValueType>String</ValueType>
				<TriggerLabel>created</TriggerLabel>
				<ControlPageLabel>created</ControlPageLabel>
			</State>
			<State id="alertMode">
				<ValueType>String</ValueType>
				<TriggerLabel>Alert Mode</TriggerLabel>
				<ControlPageLabel>Alert Mode</ControlPageLabel>
			</State>
			<State id="online">
				<ValueType>Boolean</ValueType>
				<TriggerLabel>Online</TriggerLabel>
				<ControlPageLabel>Online</ControlPageLabel>
			</State>
			<State id="testMode">
				<ValueType>Boolean</ValueType>
				<TriggerLabel>Test Mode</TriggerLabel>
				<ControlPageLabel>Test Mode</ControlPageLabel>
			</State>
			<State id="ledEnabled">
				<ValueType>Boolean</ValueType>
				<TriggerLabel>LED Enabled</TriggerLabel>
				<ControlPageLabel>LED Enabled</ControlPageLabel>
			</State>
			<State id="dark">
				<ValueType>Boolean</ValueType>
				<TriggerLabel>Low Light</TriggerLabel>
				<ControlPageLabel>Low Light</ControlPageLabel>
			</State>
			<State id="daylight">
				<ValueType>Boolean</ValueType>
				<TriggerLabel>Daylight</TriggerLabel>
				<ControlPageLabel>Daylight</ControlPageLabel>
			</State>
			<State id="lastUpdated">
				<ValueType>String</ValueType>
				<TriggerLabel>Last Updated on Hub</TriggerLabel>
				<ControlPageLabel>Last Updated on Hub</ControlPageLabel>
			</State>
			<State id="luminance">
				<ValueType>Number</ValueType>
				<TriggerLabel>Luminance (lux)</TriggerLabel>
				<ControlPageLabel>Luminance (lux)</ControlPageLabel>
			</State>
			<State id="luminanceRaw">
				<ValueType>Number</ValueType>
				<TriggerLabel>Luminance (raw value)</TriggerLabel>
				<ControlPageLabel>Luminance (raw value)</ControlPageLabel>
			</State>
			<State id="darkThreshold">
				<ValueType>Number</ValueType>
				<TriggerLabel>Dark Threshold (lux)</TriggerLabel>
				<ControlPageLabel>Dark Threshold (lux)</ControlPageLabel>
			</State>
			<State id="thresholdOffset">
				<ValueType>Number</ValueType>
				<TriggerLabel>Dark Threshold Offset (lux)</TriggerLabel>
				<ControlPageLabel>Dark Threshold Offset (lxu)</ControlPageLabel>
			</State>
			<State id="nameOnBridge">
				<ValueType>String</ValueType>
				<TriggerLabel>type</TriggerLabel>
				<ControlPageLabel>type</ControlPageLabel>
			</State>
			<State id="manufacturerName">
				<ValueType>String</ValueType>
				<TriggerLabel>type</TriggerLabel>
				<ControlPageLabel>type</ControlPageLabel>
			</State>
			<State id="uniqueId">
				<ValueType>String</ValueType>
				<TriggerLabel>type</TriggerLabel>
				<ControlPageLabel>type</ControlPageLabel>
			</State>
			<State id="modelId">
				<ValueType>String</ValueType>
				<TriggerLabel>type</TriggerLabel>
				<ControlPageLabel>type</ControlPageLabel>
			</State>
			<State id="type">
				<ValueType>String</ValueType>
				<TriggerLabel>type</TriggerLabel>
				<ControlPageLabel>type</ControlPageLabel>
			</State>
		</States>
	</Device>
    
	<!-- Hue Tap Switch -->
	<Device type="sensor" id="hueTapSwitch">
		<Name>Hue Tap Switch</Name>
		<ConfigUI>
			<Field id="hubNumber" type="menu"
				tooltip="Select the Gateway / Bridge this device is associated with">
				<Label>Hue Bridge number:</Label>
				<List class="self" method="gwListGenerator" filter = "active" dynamicReload="true"/> 
			</Field>
			<Field id="confirmGWNumber" type="button">
				<Label>click to</Label>
				<Title>select GW Number</Title>
				<CallbackMethod>confirmGWNumber</CallbackMethod>
			</Field>
			<Field id="confirmHubNumberText" type="textfield" default =""  >	</Field>

			<Field id="sensorId" type="menu"
				tooltip="Select a Hue Tap Switch.">
				<Label>Hue Tap Switch:</Label>
				<List class="self" method="sensorListGenerator" filter="hueTapSwitch"  dynamicReload="true"/>
			</Field>
			<Field id="logChanges" type="checkbox" defaultValue="True" hidden="false">
				<Label>log events and changes to indigolog</Label>
			</Field>
		</ConfigUI>
		<States>
			<State id="created">
				<ValueType>String</ValueType>
				<TriggerLabel>created</TriggerLabel>
				<ControlPageLabel>created</ControlPageLabel>
			</State>
            <State id="button1On">
                <ValueType>Boolean</ValueType>
                <TriggerLabel>Button 1 Press</TriggerLabel>
                <ControlPageLabel>Button 1 Press</ControlPageLabel>
            </State>
            <State id="button2On">
                <ValueType>Boolean</ValueType>
                <TriggerLabel>Button 2 Press</TriggerLabel>
                <ControlPageLabel>Button 2 Press</ControlPageLabel>
            </State>
            <State id="button3On">
                <ValueType>Boolean</ValueType>
                <TriggerLabel>Button 3 Press</TriggerLabel>
                <ControlPageLabel>Button 3 Press</ControlPageLabel>
            </State>
            <State id="button4On">
                <ValueType>Boolean</ValueType>
                <TriggerLabel>Button 4 Press</TriggerLabel>
                <ControlPageLabel>Button 4 Press</ControlPageLabel>
            </State>
            <State id="lastButtonPressed">
                <ValueType>Number</ValueType>
                <TriggerLabel>Last Button Pressed</TriggerLabel>
                <ControlPageLabel>Last Button Pressed</ControlPageLabel>
            </State>
            <State id="buttonEventID">
                <ValueType>Number</ValueType>
                <TriggerLabel>Last Button Event ID</TriggerLabel>
                <ControlPageLabel>Last Button Event ID</ControlPageLabel>
            </State>
			<State id="lastUpdated">
				<ValueType>String</ValueType>
				<TriggerLabel>Last Updated on Hub</TriggerLabel>
				<ControlPageLabel>Last Updated on Hub</ControlPageLabel>
			</State>
			<State id="nameOnBridge">
				<ValueType>String</ValueType>
				<TriggerLabel>type</TriggerLabel>
				<ControlPageLabel>type</ControlPageLabel>
			</State>
			<State id="manufacturerName">
				<ValueType>String</ValueType>
				<TriggerLabel>type</TriggerLabel>
				<ControlPageLabel>type</ControlPageLabel>
			</State>
			<State id="uniqueId">
				<ValueType>String</ValueType>
				<TriggerLabel>type</TriggerLabel>
				<ControlPageLabel>type</ControlPageLabel>
			</State>
			<State id="modelId">
				<ValueType>String</ValueType>
				<TriggerLabel>type</TriggerLabel>
				<ControlPageLabel>type</ControlPageLabel>
			</State>
			<State id="type">
				<ValueType>String</ValueType>
				<TriggerLabel>type</TriggerLabel>
				<ControlPageLabel>type</ControlPageLabel>
			</State>
		</States>
	</Device>

	<!-- Hue Dimmer Switch -->
	<Device type="sensor" id="hueDimmerSwitch">
		<Name>Hue Dimmer Switch</Name>
		<ConfigUI>
			<Field id="hubNumber" type="menu"
				tooltip="Select the Gateway / Bridge this device is associated with">
				<Label>Hue Bridge number:</Label>
				<List class="self" method="gwListGenerator" filter = "active" dynamicReload="true"/> 
			</Field>
			<Field id="confirmGWNumber" type="button">
				<Label>click to</Label>
				<Title>select GW Number</Title>
				<CallbackMethod>confirmGWNumber</CallbackMethod>
			</Field>
			<Field id="confirmHubNumberText" type="textfield" default =""  >	</Field>

			<Field id="sensorId" type="menu"
				tooltip="Select a Hue Dimmer Switch.">
				<Label>Hue Dimmer Switch:</Label>
				<List class="self" method="sensorListGenerator" filter="hueDimmerSwitch"  dynamicReload="true"/>
			</Field>
			<Field id="logChanges" type="checkbox" defaultValue="True" hidden="false">
				<Label>log events and changes to indigolog</Label>
			</Field>
		</ConfigUI>
		<States>
			<State id="created">
				<ValueType>String</ValueType>
				<TriggerLabel>created</TriggerLabel>
				<ControlPageLabel>created</ControlPageLabel>
			</State>
            <State id="button1On">
                <ValueType>Boolean</ValueType>
                <TriggerLabel>ON Button Press</TriggerLabel>
                <ControlPageLabel>ON Button Press</ControlPageLabel>
            </State>
			<State id="button1Hold">
				<ValueType>Boolean</ValueType>
				<TriggerLabel>ON Button Press and Hold</TriggerLabel>
				<ControlPageLabel>ON Button Press and Hold</ControlPageLabel>
			</State>
            <State id="button1ReleaseShort">
                <ValueType>Boolean</ValueType>
                <TriggerLabel>ON Button Short Release</TriggerLabel>
                <ControlPageLabel>ON Button Short Release</ControlPageLabel>
            </State>
            <State id="button1ReleaseLong">
                <ValueType>Boolean</ValueType>
                <TriggerLabel>ON Button Long Release</TriggerLabel>
                <ControlPageLabel>ON Button Long Release</ControlPageLabel>
            </State>
            <State id="button2On">
                <ValueType>Boolean</ValueType>
                <TriggerLabel>DIM UP Button Press</TriggerLabel>
                <ControlPageLabel>DIM UP Button Press</ControlPageLabel>
            </State>
            <State id="button2Hold">
                <ValueType>Boolean</ValueType>
                <TriggerLabel>DIM UP Button Press and Hold</TriggerLabel>
                <ControlPageLabel>DIM UP Button Press and Hold</ControlPageLabel>
            </State>
            <State id="button2ReleaseShort">
                <ValueType>Boolean</ValueType>
                <TriggerLabel>DIM UP Button Short Release</TriggerLabel>
                <ControlPageLabel>DIM UP Button Short Release</ControlPageLabel>
            </State>
            <State id="button2ReleaseLong">
                <ValueType>Boolean</ValueType>
                <TriggerLabel>DIM UP Button Long Release</TriggerLabel>
                <ControlPageLabel>DIM UP Button Long Release</ControlPageLabel>
            </State>
            <State id="button3On">
                <ValueType>Boolean</ValueType>
                <TriggerLabel>DIM DOWN Button Press</TriggerLabel>
                <ControlPageLabel>DIM DOWN Button Press</ControlPageLabel>
            </State>
            <State id="button3Hold">
                <ValueType>Boolean</ValueType>
                <TriggerLabel>DIM DOWN Button Press and Hold</TriggerLabel>
                <ControlPageLabel>DIM DOWN Button Press and Hold</ControlPageLabel>
            </State>
            <State id="button3ReleaseShort">
                <ValueType>Boolean</ValueType>
                <TriggerLabel>DIM DOWN Button Short Release</TriggerLabel>
                <ControlPageLabel>DIM DOWN Button Short Release</ControlPageLabel>
            </State>
            <State id="button3ReleaseLong">
                <ValueType>Boolean</ValueType>
                <TriggerLabel>DIM DOWN Button Long Release</TriggerLabel>
                <ControlPageLabel>DIM DOWN Button Long Release</ControlPageLabel>
            </State>
            <State id="button4On">
                <ValueType>Boolean</ValueType>
                <TriggerLabel>OFF Button Press</TriggerLabel>
                <ControlPageLabel>OFF Button Press</ControlPageLabel>
            </State>
            <State id="button4Hold">
                <ValueType>Boolean</ValueType>
                <TriggerLabel>OFF Button Press and Hold</TriggerLabel>
                <ControlPageLabel>OFF Button Press and Hold</ControlPageLabel>
            </State>
            <State id="button4ReleaseShort">
                <ValueType>Boolean</ValueType>
                <TriggerLabel>OFF Button Short Release</TriggerLabel>
                <ControlPageLabel>OFF Button Short Release</ControlPageLabel>
            </State>
            <State id="button4ReleaseLong">
                <ValueType>Boolean</ValueType>
                <TriggerLabel>OFF Button Long Release</TriggerLabel>
                <ControlPageLabel>OFF Button Long Release</ControlPageLabel>
            </State>
			<State id="online">
				<ValueType>Boolean</ValueType>
				<TriggerLabel>Online</TriggerLabel>
				<ControlPageLabel>Online</ControlPageLabel>
			</State>
            <State id="buttonEventID">
                <ValueType>Number</ValueType>
                <TriggerLabel>Last Button Event ID</TriggerLabel>
                <ControlPageLabel>Last Button Event ID</ControlPageLabel>
            </State>
            <State id="lastButtonPressed">
                <ValueType>String</ValueType>
                <TriggerLabel>Last Button Pressed</TriggerLabel>
                <ControlPageLabel>Last Button Pressed</ControlPageLabel>
            </State>
			<State id="lastUpdated">
				<ValueType>String</ValueType>
				<TriggerLabel>Last Updated on Hub</TriggerLabel>
				<ControlPageLabel>Last Updated on Hub</ControlPageLabel>
			</State>
			<State id="nameOnBridge">
				<ValueType>String</ValueType>
				<TriggerLabel>type</TriggerLabel>
				<ControlPageLabel>type</ControlPageLabel>
			</State>
			<State id="manufacturerName">
				<ValueType>String</ValueType>
				<TriggerLabel>type</TriggerLabel>
				<ControlPageLabel>type</ControlPageLabel>
			</State>
			<State id="uniqueId">
				<ValueType>String</ValueType>
				<TriggerLabel>type</TriggerLabel>
				<ControlPageLabel>type</ControlPageLabel>
			</State>
			<State id="modelId">
				<ValueType>String</ValueType>
				<TriggerLabel>type</TriggerLabel>
				<ControlPageLabel>type</ControlPageLabel>
			</State>
			<State id="type">
				<ValueType>String</ValueType>
				<TriggerLabel>type</TriggerLabel>
				<ControlPageLabel>type</ControlPageLabel>
			</State>
		</States>
	</Device>

	<!-- Hue Smart Button -->
	<Device type="sensor" id="hueSmartButton">
		<Name>Hue Smart Button</Name>
		<ConfigUI>
			<Field id="hubNumber" type="menu"
				tooltip="Select the Gateway / Bridge this device is associated with">
				<Label>Hue Bridge number:</Label>
				<List class="self" method="gwListGenerator" filter = "active" dynamicReload="true"/> 
			</Field>
			<Field id="confirmGWNumber" type="button">
				<Label>click to</Label>
				<Title>select GW Number</Title>
				<CallbackMethod>confirmGWNumber</CallbackMethod>
			</Field>
			<Field id="confirmHubNumberText" type="textfield" default =""  >	</Field>

			<Field id="sensorId" type="menu"
				tooltip="Select a Hue Smart Button.">
				<Label>Hue Smart Button:</Label>
				<List class="self" method="sensorListGenerator" filter="hueSmartButton"  dynamicReload="true"/>
			</Field>
			<Field id="logChanges" type="checkbox" defaultValue="True" hidden="false">
				<Label>log events and changes to indigolog</Label>
			</Field>
		</ConfigUI>
		<States>
			<State id="created">
				<ValueType>String</ValueType>
				<TriggerLabel>created</TriggerLabel>
				<ControlPageLabel>created</ControlPageLabel>
			</State>
            <State id="button1On">
                <ValueType>Boolean</ValueType>
                <TriggerLabel>Button Press</TriggerLabel>
                <ControlPageLabel>Button Press</ControlPageLabel>
            </State>
			<State id="button1Repeat">
				<ValueType>Boolean</ValueType>
				<TriggerLabel>Button Press and Repeat</TriggerLabel>
				<ControlPageLabel>Button Press and Repeat</ControlPageLabel>
			</State>
            <State id="button1ReleaseShort">
                <ValueType>Boolean</ValueType>
                <TriggerLabel>Button Short Release</TriggerLabel>
                <ControlPageLabel>Button Short Release</ControlPageLabel>
            </State>
            <State id="button1ReleaseLong">
                <ValueType>Boolean</ValueType>
                <TriggerLabel>Button Long Release</TriggerLabel>
                <ControlPageLabel>Button Long Release</ControlPageLabel>
            </State>
            <State id="button1Hold">
                <ValueType>Boolean</ValueType>
                <TriggerLabel>Button Press and Hold</TriggerLabel>
                <ControlPageLabel>Button Press and Hold</ControlPageLabel>
            </State>
			<State id="online">
				<ValueType>Boolean</ValueType>
				<TriggerLabel>Online</TriggerLabel>
				<ControlPageLabel>Online</ControlPageLabel>
			</State>
            <State id="buttonEventID">
                <ValueType>Number</ValueType>
                <TriggerLabel>Last Button Event ID</TriggerLabel>
                <ControlPageLabel>Last Button Event ID</ControlPageLabel>
            </State>
			<State id="lastUpdated">
				<ValueType>String</ValueType>
				<TriggerLabel>Last Updated on Hub</TriggerLabel>
				<ControlPageLabel>Last Updated on Hub</ControlPageLabel>
			</State>
			<State id="nameOnBridge">
				<ValueType>String</ValueType>
				<TriggerLabel>type</TriggerLabel>
				<ControlPageLabel>type</ControlPageLabel>
			</State>
			<State id="manufacturerName">
				<ValueType>String</ValueType>
				<TriggerLabel>type</TriggerLabel>
				<ControlPageLabel>type</ControlPageLabel>
			</State>
			<State id="uniqueId">
				<ValueType>String</ValueType>
				<TriggerLabel>type</TriggerLabel>
				<ControlPageLabel>type</ControlPageLabel>
			</State>
			<State id="modelId">
				<ValueType>String</ValueType>
				<TriggerLabel>type</TriggerLabel>
				<ControlPageLabel>type</ControlPageLabel>
			</State>
			<State id="type">
				<ValueType>String</ValueType>
				<TriggerLabel>type</TriggerLabel>
				<ControlPageLabel>type</ControlPageLabel>
			</State>
		</States>
	</Device>

	<!-- Hue Wall Switch Module -->
	<Device type="sensor" id="hueWallSwitchModule">
		<Name>Hue Wall Switch Module</Name>
		<ConfigUI>
			<Field id="hubNumber" type="menu"
				tooltip="Select the Gateway / Bridge this device is associated with">
				<Label>Hue Bridge number:</Label>
				<List class="self" method="gwListGenerator" filter = "active" dynamicReload="true"/> 
			</Field>
			<Field id="confirmGWNumber" type="button">
				<Label>click to</Label>
				<Title>select GW Number</Title>
				<CallbackMethod>confirmGWNumber</CallbackMethod>
			</Field>
			<Field id="confirmHubNumberText" type="textfield" default =""  >	</Field>

			<Field id="sensorId" type="menu"
				tooltip="Select a Hue Wall Switch Module.">
				<Label>Hue Wall Switch Module:</Label>
				<List class="self" method="sensorListGenerator" filter="hueWallSwitchModule"  dynamicReload="true"/>
			</Field>
			<Field id="logChanges" type="checkbox" defaultValue="True" hidden="false">
				<Label>log events and changes to indigolog</Label>
			</Field>
		</ConfigUI>
		<States>
			<State id="created">
				<ValueType>String</ValueType>
				<TriggerLabel>created</TriggerLabel>
				<ControlPageLabel>created</ControlPageLabel>
			</State>
            <State id="button1On">
                <ValueType>Boolean</ValueType>
                <TriggerLabel>Button 1 Press</TriggerLabel>
                <ControlPageLabel>Button 1 Press</ControlPageLabel>
            </State>
			<State id="button1Hold">
				<ValueType>Boolean</ValueType>
				<TriggerLabel>Button 1 Press and Hold</TriggerLabel>
				<ControlPageLabel>Button 1 Press and Hold</ControlPageLabel>
			</State>
            <State id="button1ReleaseShort">
                <ValueType>Boolean</ValueType>
                <TriggerLabel>Button 1 Short Release</TriggerLabel>
                <ControlPageLabel>Button 1 Short Release</ControlPageLabel>
            </State>
            <State id="button1ReleaseLong">
                <ValueType>Boolean</ValueType>
                <TriggerLabel>Button 1 Long Release</TriggerLabel>
                <ControlPageLabel>Button 1 Long Release</ControlPageLabel>
            </State>
            <State id="button2On">
                <ValueType>Boolean</ValueType>
                <TriggerLabel>Button 2 Press</TriggerLabel>
                <ControlPageLabel>Button 2 Press</ControlPageLabel>
            </State>
			<State id="button2Hold">
				<ValueType>Boolean</ValueType>
				<TriggerLabel>Button 2 Press and Hold</TriggerLabel>
				<ControlPageLabel>Button 2 Press and Hold</ControlPageLabel>
			</State>
            <State id="button2ReleaseShort">
                <ValueType>Boolean</ValueType>
                <TriggerLabel>Button 2 Short Release</TriggerLabel>
                <ControlPageLabel>Button 2 Short Release</ControlPageLabel>
            </State>
            <State id="button2ReleaseLong">
                <ValueType>Boolean</ValueType>
                <TriggerLabel>Button 2 Long Release</TriggerLabel>
                <ControlPageLabel>Button 2 Long Release</ControlPageLabel>
            </State>
			<State id="online">
				<ValueType>Boolean</ValueType>
				<TriggerLabel>Online</TriggerLabel>
				<ControlPageLabel>Online</ControlPageLabel>
			</State>
            <State id="lastButtonPressed">
                <ValueType>Number</ValueType>
                <TriggerLabel>Last Button Pressed</TriggerLabel>
                <ControlPageLabel>Last Button Pressed</ControlPageLabel>
            </State>
            <State id="buttonEventID">
                <ValueType>Number</ValueType>
                <TriggerLabel>Last Button Event ID</TriggerLabel>
                <ControlPageLabel>Last Button Event ID</ControlPageLabel>
            </State>
			<State id="lastUpdated">
				<ValueType>String</ValueType>
				<TriggerLabel>Last Updated on Hub</TriggerLabel>
				<ControlPageLabel>Last Updated on Hub</ControlPageLabel>
			</State>
			<State id="nameOnBridge">
				<ValueType>String</ValueType>
				<TriggerLabel>type</TriggerLabel>
				<ControlPageLabel>type</ControlPageLabel>
			</State>
			<State id="manufacturerName">
				<ValueType>String</ValueType>
				<TriggerLabel>type</TriggerLabel>
				<ControlPageLabel>type</ControlPageLabel>
			</State>
			<State id="uniqueId">
				<ValueType>String</ValueType>
				<TriggerLabel>type</TriggerLabel>
				<ControlPageLabel>type</ControlPageLabel>
			</State>
			<State id="modelId">
				<ValueType>String</ValueType>
				<TriggerLabel>type</TriggerLabel>
				<ControlPageLabel>type</ControlPageLabel>
			</State>
			<State id="type">
				<ValueType>String</ValueType>
				<TriggerLabel>type</TriggerLabel>
				<ControlPageLabel>type</ControlPageLabel>
			</State>
		</States>
	</Device>

	<!-- Run Less Wire or Niko Switch -->
	<Device type="sensor" id="runLessWireSwitch">
		<Name>Run Less Wire, Niko Switch, FriendsOfHue</Name>
		<ConfigUI>
			
			<Field id="hubNumber" type="menu"
				tooltip="Select the Gateway / Bridge this device is associated with">
				<Label>Hue Bridge number:</Label>
				<List class="self" method="gwListGenerator" filter = "active" dynamicReload="true"/> 
			</Field>
			<Field id="confirmGWNumber" type="button">
				<Label>click to</Label>
				<Title>select GW Number</Title>
				<CallbackMethod>confirmGWNumber</CallbackMethod>
			</Field>
			<Field id="confirmHubNumberText" type="textfield" default =""  >	</Field>

			<Field id="sensorId" type="menu"
				tooltip="Select a Run Less Wire or Niko Switch.">
				<Label>Run Less Wire or Niko Switch:</Label>
				<List class="self" method="sensorListGenerator" filter="runLessWireSwitch"  dynamicReload="true"/>
			</Field>
			<Field id="logChanges" type="checkbox" defaultValue="True" hidden="false">
				<Label>log events and changes to indigolog</Label>
			</Field>
			<!-- The buttonBeingHeld property is used by the plugin to track when a button is being held down since the Hue bridge doesn't do that for us, but the switch does report button release events, so we can figure it out ourselves. -->
			<Field id="buttonBeingHeld" type="checkbox" hidden="true" defaultValue="false" />
		</ConfigUI>
		<States>
			<State id="created">
				<ValueType>String</ValueType>
				<TriggerLabel>created</TriggerLabel>
				<ControlPageLabel>created</ControlPageLabel>
			</State>
            <State id="button1On">
                <ValueType>Boolean</ValueType>
                <TriggerLabel>LEFT TOP Button Press</TriggerLabel>
                <ControlPageLabel>LEFT TOP Button Press</ControlPageLabel>
            </State>
            <State id="button1Hold">
                <ValueType>Boolean</ValueType>
                <TriggerLabel>LEFT TOP Button Press and Hold</TriggerLabel>
                <ControlPageLabel>LEFT TOP Button Press and Hold</ControlPageLabel>
            </State>
            <State id="button1Release">
                <ValueType>Boolean</ValueType>
                <TriggerLabel>LEFT TOP Button Release</TriggerLabel>
                <ControlPageLabel>LEFT TOP Button Release</ControlPageLabel>
            </State>
            <State id="button2On">
                <ValueType>Boolean</ValueType>
                <TriggerLabel>LEFT BOTTOM Button Press</TriggerLabel>
                <ControlPageLabel>LEFT BOTTOM Button Press</ControlPageLabel>
            </State>
            <State id="button2Hold">
                <ValueType>Boolean</ValueType>
                <TriggerLabel>LEFT BOTTOM Button Press and Hold</TriggerLabel>
                <ControlPageLabel>LEFT BOTTOM Button Press and Hold</ControlPageLabel>
            </State>
            <State id="button2Release">
                <ValueType>Boolean</ValueType>
                <TriggerLabel>LEFT BOTTOM Button Release</TriggerLabel>
                <ControlPageLabel>LEFT BOTTOM Button Release</ControlPageLabel>
            </State>
            <State id="button3On">
                <ValueType>Boolean</ValueType>
                <TriggerLabel>RIGHT BOTTOM Button Press</TriggerLabel>
                <ControlPageLabel>RIGHT BOTTOM Button Press</ControlPageLabel>
            </State>
            <State id="button3Hold">
                <ValueType>Boolean</ValueType>
                <TriggerLabel>RIGHT BOTTOM Button Press and Hold</TriggerLabel>
                <ControlPageLabel>RIGHT BOTTOM Button Press and Hold</ControlPageLabel>
            </State>
            <State id="button3Release">
                <ValueType>Boolean</ValueType>
                <TriggerLabel>RIGHT BOTTOM Button Release</TriggerLabel>
                <ControlPageLabel>RIGHT BOTTOM Button Release</ControlPageLabel>
            </State>
            <State id="button4On">
                <ValueType>Boolean</ValueType>
                <TriggerLabel>RIGHT TOP Button Press</TriggerLabel>
                <ControlPageLabel>RIGHT TOP Button Press</ControlPageLabel>
            </State>
            <State id="button4Hold">
                <ValueType>Boolean</ValueType>
                <TriggerLabel>RIGHT TOP Button Press and Hold</TriggerLabel>
                <ControlPageLabel>RIGHT TOP Button Press and Hold</ControlPageLabel>
            </State>
            <State id="button4Release">
                <ValueType>Boolean</ValueType>
                <TriggerLabel>RIGHT TOP Button Release</TriggerLabel>
                <ControlPageLabel>RIGHT TOP Button Release</ControlPageLabel>
            </State>
            <State id="button5On">
                <ValueType>Boolean</ValueType>
                <TriggerLabel>COMBINED TOP Button Press</TriggerLabel>
                <ControlPageLabel>COMBINED TOP Button Press</ControlPageLabel>
            </State>
            <State id="button5Hold">
                <ValueType>Boolean</ValueType>
                <TriggerLabel>COMBINED TOP Button Press and Hold</TriggerLabel>
                <ControlPageLabel>COMBINED TOP Button Press and Hold</ControlPageLabel>
            </State>
            <State id="button5Release">
                <ValueType>Boolean</ValueType>
                <TriggerLabel>COMBINED TOP Button Release</TriggerLabel>
                <ControlPageLabel>COMBINED TOP Button Release</ControlPageLabel>
            </State>
            <State id="button6On">
                <ValueType>Boolean</ValueType>
                <TriggerLabel>COMBINED BOTTOM Button Press</TriggerLabel>
                <ControlPageLabel>COMBINED BOTTOM Button Press</ControlPageLabel>
            </State>
            <State id="button6Hold">
                <ValueType>Boolean</ValueType>
                <TriggerLabel>COMBINED BOTTOM Button Press and Hold</TriggerLabel>
                <ControlPageLabel>COMBINED BOTTOM Button Press and Hold</ControlPageLabel>
            </State>
            <State id="button6Release">
                <ValueType>Boolean</ValueType>
                <TriggerLabel>COMBINED BOTTOM Button Release</TriggerLabel>
                <ControlPageLabel>COMBINED BOTTOM Button Release</ControlPageLabel>
            </State>
            <State id="buttonBeingHeld">
                <ValueType>Boolean</ValueType>
                <TriggerLabel>Button behing held</TriggerLabel>
                <ControlPageLabel>Button behing held</ControlPageLabel>
            </State>
			<State id="online">
				<ValueType>Boolean</ValueType>
				<TriggerLabel>Online</TriggerLabel>
				<ControlPageLabel>Online</ControlPageLabel>
			</State>
            <State id="buttonEventID">
                <ValueType>Number</ValueType>
                <TriggerLabel>Last Button Event ID</TriggerLabel>
                <ControlPageLabel>Last Button Event ID</ControlPageLabel>
            </State>
            <State id="lastButtonPressed">
                <ValueType>Number</ValueType>
                <TriggerLabel>Last Button Pressed</TriggerLabel>
                <ControlPageLabel>Last Button Pressed</ControlPageLabel>
            </State>
			<State id="lastUpdated">
				<ValueType>String</ValueType>
				<TriggerLabel>Last Updated on Hub</TriggerLabel>
				<ControlPageLabel>Last Updated on Hub</ControlPageLabel>
			</State>
			<State id="nameOnBridge">
				<ValueType>String</ValueType>
				<TriggerLabel>type</TriggerLabel>
				<ControlPageLabel>type</ControlPageLabel>
			</State>
			<State id="manufacturerName">
				<ValueType>String</ValueType>
				<TriggerLabel>type</TriggerLabel>
				<ControlPageLabel>type</ControlPageLabel>
			</State>
			<State id="uniqueId">
				<ValueType>String</ValueType>
				<TriggerLabel>type</TriggerLabel>
				<ControlPageLabel>type</ControlPageLabel>
			</State>
			<State id="modelId">
				<ValueType>String</ValueType>
				<TriggerLabel>type</TriggerLabel>
				<ControlPageLabel>type</ControlPageLabel>
			</State>
			<State id="type">
				<ValueType>String</ValueType>
				<TriggerLabel>type</TriggerLabel>
				<ControlPageLabel>type</ControlPageLabel>
			</State>
		</States>
	</Device>

	<!-- Run Less Wire or Niko Switch -->
	<Device type="sensor" id="hueRotaryWallSwitches">
		<Name>Rotary Wall Switch Switches part</Name>
		<ConfigUI>
			
			<Field id="hubNumber" type="menu"
				tooltip="Select the Gateway / Bridge this device is associated with">
				<Label>Hue Bridge number:</Label>
				<List class="self" method="gwListGenerator" filter = "active" dynamicReload="true"/> 
			</Field>
			<Field id="confirmGWNumber" type="button">
				<Label>click to</Label>
				<Title>select GW Number</Title>
				<CallbackMethod>confirmGWNumber</CallbackMethod>
			</Field>
			<Field id="confirmHubNumberText" type="textfield" default =""  >	</Field>

			<Field id="sensorId" type="menu"
				tooltip="Select a otary Wall Switch .">
				<Label>otary Wall Switch :</Label>
				<List class="self" method="sensorListGenerator" filter="hueRotaryWallSwitches"  dynamicReload="true"/>
			</Field>
			<Field id="logChanges" type="checkbox" defaultValue="True" hidden="false">
				<Label>log events and changes to indigolog</Label>
			</Field>
			<!-- The buttonBeingHeld property is used by the plugin to track when a button is being held down since the Hue bridge doesn't do that for us, but the switch does report button release events, so we can figure it out ourselves. -->
			<Field id="buttonBeingHeld" type="checkbox" hidden="true" defaultValue="false" />
		</ConfigUI>
		<States>
			<State id="created">
				<ValueType>String</ValueType>
				<TriggerLabel>created</TriggerLabel>
				<ControlPageLabel>created</ControlPageLabel>
			</State>
            <State id="button1On">
                <ValueType>Boolean</ValueType>
                <TriggerLabel>Left Top Button Press</TriggerLabel>
                <ControlPageLabel>Left Top Button Press</ControlPageLabel>
            </State>
            <State id="button1Hold">
                <ValueType>Boolean</ValueType>
                <TriggerLabel>Left Top Button Press and Hold</TriggerLabel>
                <ControlPageLabel>Left Top Button Press and Hold</ControlPageLabel>
            </State>
            <State id="button1ReleaseShort">
                <ValueType>Boolean</ValueType>
                <TriggerLabel>Left Top Button Release Short</TriggerLabel>
                <ControlPageLabel>Left Top Button Release Shortwallswitch</ControlPageLabel>
            </State>
            <State id="button1ReleaseLong">
                <ValueType>Boolean</ValueType>
                <TriggerLabel>Left Top Button Release Long</TriggerLabel>
                <ControlPageLabel>Left Top Button Release Long</ControlPageLabel>
            </State>
            <State id="button2On">
                <ValueType>Boolean</ValueType>
                <TriggerLabel>Top Right Button Press</TriggerLabel>
                <ControlPageLabel>Top Right  Button Press</ControlPageLabel>
            </State>
            <State id="button2Hold">
                <ValueType>Boolean</ValueType>
                <TriggerLabel>Top Right  Button Press and Hold</TriggerLabel>
                <ControlPageLabel>Top Right  Button Press and Hold</ControlPageLabel>
            </State>
            <State id="button2ReleaseShort">
                <ValueType>Boolean</ValueType>
                <TriggerLabel>Top Right  Button Release Short</TriggerLabel>
                <ControlPageLabel>Top Right  Button Release Short</ControlPageLabel>
            </State>
            <State id="button2ReleaseLong">
                <ValueType>Boolean</ValueType>
                <TriggerLabel>Bottom Right  Button Release Long</TriggerLabel>
                <ControlPageLabel>Bottom Right  Button Release Long</ControlPageLabel>
            </State>
            <State id="button3On">
                <ValueType>Boolean</ValueType>
                <TriggerLabel>Left BOTTOM Button Press</TriggerLabel>
                <ControlPageLabel>Left BOTTOM Button Press</ControlPageLabel>
            </State>
            <State id="button3Hold">
                <ValueType>Boolean</ValueType>
                <TriggerLabel>Left Bottom Button Press and Hold</TriggerLabel>
                <ControlPageLabel>Left Bottom Button Press and Hold</ControlPageLabel>
            </State>
            <State id="button3ReleaseShort">
                <ValueType>Boolean</ValueType>
                <TriggerLabel>Left Bottom Button Release Short</TriggerLabel>
                <ControlPageLabel>Left Bottom Button Release Short</ControlPageLabel>
            </State>
            <State id="button3ReleaseLong">
                <ValueType>Boolean</ValueType>
                <TriggerLabel>Left Bottom  Button Release Long</TriggerLabel>
                <ControlPageLabel>Left Bottom  Button Release Long</ControlPageLabel>
            </State>
            <State id="button4On">
                <ValueType>Boolean</ValueType>
                <TriggerLabel>Bottom Right  Button Press</TriggerLabel>
                <ControlPageLabel>Bottom Right  Button Press</ControlPageLabel>
            </State>
            <State id="button4Hold">
                <ValueType>Boolean</ValueType>
                <TriggerLabel>Bottom Right Button Press and Hold</TriggerLabel>
                <ControlPageLabel>Bottom Right  Button Press and Hold</ControlPageLabel>
            </State>
            <State id="button4ReleaseShort">
                <ValueType>Boolean</ValueType>
                <TriggerLabel>Bottom Right  Button Release Short</TriggerLabel>
                <ControlPageLabel>Bottom Right  Button Release</ControlPageLabel>
            </State>
            <State id="button4ReleaseLong">
                <ValueType>Boolean</ValueType>
                <TriggerLabel>Bottom Right  Button Release Long</TriggerLabel>
                <ControlPageLabel>Bottom Right  Button Release Long</ControlPageLabel>
            </State>
 			<State id="online">
				<ValueType>Boolean</ValueType>
				<TriggerLabel>Online</TriggerLabel>
				<ControlPageLabel>Online</ControlPageLabel>
			</State>
            <State id="buttonEventID">
                <ValueType>Number</ValueType>
                <TriggerLabel>Last Button Event ID</TriggerLabel>
                <ControlPageLabel>Last Button Event ID</ControlPageLabel>
            </State>
            <State id="lastButtonPressed">
                <ValueType>Number</ValueType>
                <TriggerLabel>Last Button Pressed</TriggerLabel>
                <ControlPageLabel>Last Button Pressed</ControlPageLabel>
            </State>
			<State id="lastUpdated">
				<ValueType>String</ValueType>
				<TriggerLabel>Last Updated on Hub</TriggerLabel>
				<ControlPageLabel>Last Updated on Hub</ControlPageLabel>
			</State>
			<State id="nameOnBridge">
				<ValueType>String</ValueType>
				<TriggerLabel>type</TriggerLabel>
				<ControlPageLabel>type</ControlPageLabel>
			</State>
			<State id="manufacturerName">
				<ValueType>String</ValueType>
				<TriggerLabel>type</TriggerLabel>
				<ControlPageLabel>type</ControlPageLabel>
			</State>
			<State id="uniqueId">
				<ValueType>String</ValueType>
				<TriggerLabel>type</TriggerLabel>
				<ControlPageLabel>type</ControlPageLabel>
			</State>
			<State id="modelId">
				<ValueType>String</ValueType>
				<TriggerLabel>type</TriggerLabel>
				<ControlPageLabel>type</ControlPageLabel>
			</State>
			<State id="type">
				<ValueType>String</ValueType>
				<TriggerLabel>type</TriggerLabel>
				<ControlPageLabel>type</ControlPageLabel>
			</State>
		</States>
	</Device>


	<!-- hue Rotary Wall Switch-->
	<Device type="sensor" id="hueRotaryWallRing">
		<Name>Rotary Wall Switch rotate part</Name>
		<ConfigUI>
			
			<Field id="hubNumber" type="menu"
				tooltip="Select the Gateway / Bridge this device is associated with">
				<Label>Hue Bridge number:</Label>
				<List class="self" method="gwListGenerator" filter = "active" dynamicReload="true"/> 
			</Field>
			<Field id="confirmGWNumber" type="button">
				<Label>click to</Label>
				<Title>select GW Number</Title>
				<CallbackMethod>confirmGWNumber</CallbackMethod>
			</Field>
			<Field id="confirmHubNumberText" type="textfield" default =""  >	</Field>

			<Field id="sensorId" type="menu"
				tooltip="Select a Rotary Wall Switch rotate part">
				<Label>Rotary Wall Switch rotate part:</Label>
				<List class="self" method="sensorListGenerator" filter="hueRotaryWallRing"  dynamicReload="true"/>
			</Field>
			<Field id="logChanges" type="checkbox" defaultValue="True" hidden="false">
				<Label>log events and changes to indigolog</Label>
			</Field>
			<!-- The buttonBeingHeld property is used by the plugin to track when a button is being held down since the Hue bridge doesn't do that for us, but the switch does report button release events, so we can figure it out ourselves. -->
			<Field id="buttonBeingHeld" type="checkbox" hidden="true" defaultValue="false" />
		</ConfigUI>
		<States>
			<State id="created">
				<ValueType>String</ValueType>
				<TriggerLabel>created</TriggerLabel>
				<ControlPageLabel>created</ControlPageLabel>
			</State>
            <State id="expectedEventDuration">
                <ValueType>number</ValueType>
                <TriggerLabel>Expected Event Duration</TriggerLabel>
                <ControlPageLabel>Expected Event Duration</ControlPageLabel>
            </State>
            <State id="expectedRotation">
                <ValueType>number</ValueType>
                <TriggerLabel>Expected Rotation</TriggerLabel>
                <ControlPageLabel>Expected Rotation</ControlPageLabel>
            </State>
			<State id="online">
				<ValueType>Boolean</ValueType>
				<TriggerLabel>Online</TriggerLabel>
				<ControlPageLabel>Online</ControlPageLabel>
			</State>
            <State id="rotaryEventID">
                <ValueType>String</ValueType>
                <TriggerLabel>Last Rotary Event Type</TriggerLabel>
                <ControlPageLabel>Last Rotary Event Type</ControlPageLabel>
            </State>
			<State id="lastUpdated">
				<ValueType>String</ValueType>
				<TriggerLabel>Last Updated on Hub</TriggerLabel>
				<ControlPageLabel>Last Updated on Hub</ControlPageLabel>
			</State>
			<State id="nameOnBridge">
				<ValueType>String</ValueType>
				<TriggerLabel>type</TriggerLabel>
				<ControlPageLabel>type</ControlPageLabel>
			</State>
			<State id="manufacturerName">
				<ValueType>String</ValueType>
				<TriggerLabel>type</TriggerLabel>
				<ControlPageLabel>type</ControlPageLabel>
			</State>
			<State id="uniqueId">
				<ValueType>String</ValueType>
				<TriggerLabel>type</TriggerLabel>
				<ControlPageLabel>type</ControlPageLabel>
			</State>
			<State id="modelId">
				<ValueType>String</ValueType>
				<TriggerLabel>type</TriggerLabel>
				<ControlPageLabel>type</ControlPageLabel>
			</State>
			<State id="type">
				<ValueType>String</ValueType>
				<TriggerLabel>type</TriggerLabel>
				<ControlPageLabel>type</ControlPageLabel>
			</State>
		</States>
	</Device>



	<!-- ATTRIBUTE CONTROLLER VIRTUAL DEVICE -->
    <!-- Hue Device Attribute Controller (Virtual Dimmer Device) -->
	<Device type="dimmer" id="hueAttributeController">
		<Name>Hue Device Attribute Controller</Name>
		<ConfigUI>
			<Field id="hubNumber" type="menu"
				tooltip="Select the Gateway / Bridge this device is associated with">
				<Label>Hue Bridge number:</Label>
				<List class="self" method="gwListGenerator" filter = "active" dynamicReload="true"/> 
			</Field>
			<Field id="confirmGWNumber" type="button">
				<Label>click to</Label>
				<Title>select GW Number</Title>
				<CallbackMethod>confirmGWNumber</CallbackMethod>
			</Field>
			<Field id="confirmHubNumberText" type="textfield" default =""  >	</Field>

			<Field id="bulbDeviceId" type="menu"
				tooltip="Select a Hue light or group that this attribute controller should control.">
				<Label>Hue Device:</Label>
				<List class="self" method="bulbAndGroupDeviceListGenerator" dynamicReload="true"/>
			</Field>
			<Field id="attributeToControl" type="menu" defaultValue="hue"
				tooltip="Select an attribute associated with the Hue Device above that this attribute controller should control. Note that if you select an attribute that the Hue Device doesn't have, this attribute controller will not work.">
				<Label>Attribute to Control:</Label>
				<List>
					<Option value="hue">Hue</Option>
					<Option value="saturation">Saturation</Option>
					<Option value="colorRed">Red Level (RGB)</Option>
					<Option value="colorGreen">Green Level (RGB)</Option>
					<Option value="colorBlue">Blue Level (RGB)</Option>
					<Option value="colorTemp">Color Temperature (K)</Option>
				</List>
			</Field>
			<Field id="labelAttribute" type="label" alignWithControl="true" fontSize="small" fontColor="darkgray">
				<Label>Select an attribute on the Hue device to be conrolled.
</Label>
			</Field>
			<Field id="rate" type="textfield"
				tooltip="Optionally override the default Ramp Rate (transition time) by entering the number of seconds the Hue Device selected above should take to change settings, if not overriden by the action telling it to change. Accurate to 0.1 seconds. A value of 0 makes changes instant.">
				<Label>Ramp Rate:</Label>
			</Field>
			<Field id="labelRate" type="label" alignWithControl="true" fontSize="small" fontColor="darkgray">
				<Label>(0 - 540 seconds)
0 = instant.
Optionally override the default Ramp Rate (transition time), accurate to 0.1 seconds.
</Label>
			</Field>
			<Field id="defaultOnLevel" type="textfield"
				tooltip="Optionally set a default On level. When turned on, the Hue Device Attribute Controller will go to the percentage specified here. If no value is specified, the control will always go to 100% when turned on by Indigo. Range is 1 to 100 percent.">
				<Label>Default On Level:</Label>
			</Field>
			<Field id="labelOnLevel" type="label" alignWithControl="true" fontSize="small" fontColor="darkgray">
				<Label>(1 to 100 percent)
Optionally set a default "on" level. When turned on, the Hue Device Attribute Controller will go to the percentage specified here.  If no value is specified, the control will always go to 100% when turned "on" by Indigo.
</Label>
			</Field>
			<Field id="address" type="textfield" hidden="true">
				<Label/>
			</Field>
		</ConfigUI>
	</Device>

</Devices>
