<?xml version="1.0"?>
<MenuItems>
	<MenuItem id="menu1">
		<Name>Reload Hue Bridge Config</Name>
		<CallbackMethod>updateAllHueLists</CallbackMethod>
	</MenuItem>
	<MenuItem id="sep1" />
	<MenuItem id="savePreset">
		<Name>Save Preset...</Name>
		<CallbackMethod>savePreset</CallbackMethod>
		<ConfigUI>
			<Field id="deviceId" type="menu" defaultValue="">
				<Label>Hue Device:</Label>
				<List class="self" method="bulbAndGroupDeviceListGenerator"></List>
			</Field>
			<Field id="deviceLabel" type="label" alignWithControl="true" fontSize="small" fontColor="darkgray">
				<Label>Select the Hue device whose current settings you'd like to save to a Preset. The settings can be restored to any compatible Hue device at a later time.</Label>
			</Field>
			<Field id="presetId" type="menu" defaultValue="">
				<Label>Preset:</Label>
				<List class="self" method="presetListGenerator"></List>
			</Field>
			<Field id="presetLabel" type="label" alignWithControl="true" fontSize="small" fontColor="darkgray">
				<Label>Select the Preset in which the above device's current settings should be stored. Presets with an asterisk (*) next to them have data already saved in them. Selecting one of these Presets will overwrite the data saved in that Preset.</Label>
			</Field>
			<Field id="presetName" type="textfield" defaultValue="">
				<Label>Preset Name:</Label>
			</Field>
			<Field id="nameLabel" type="label" alignWithControl="true" fontSize="small" fontColor="darkgray">
				<Label>Optionally assign a name to this Preset.</Label>
			</Field>
			<Field id="rate" type="textfield">
				<Label>Ramp Rate:</Label>
			</Field>
			<Field id="labelRate" type="label" alignWithControl="true" fontSize="small" fontColor="darkgray">
				<Label>(0 - 540 seconds)
0 = instant
Save a Ramp Rate (transition time) to be used when recalling this Preset, accurate to 0.1 seconds.</Label>
			</Field>
		</ConfigUI>
	</MenuItem>
	<MenuItem id="recallPreset">
		<Name>Recall Preset...</Name>
		<CallbackMethod>recallPreset</CallbackMethod>
		<ConfigUI>
			<Field id="deviceId" type="menu" defaultValue="">
				<Label>Hue Device:</Label>
				<List class="self" method="bulbAndGroupDeviceListGenerator"></List>
			</Field>
			<Field id="deviceLabel" type="label" alignWithControl="true" fontSize="small" fontColor="darkgray">
				<Label>Select the Hue device to which the Preset should be applied.</Label>
			</Field>
			<Field id="presetId" type="menu" defaultValue="">
				<Label>Preset:</Label>
				<List class="self" method="presetListGenerator"></List>
			</Field>
			<Field id="presetLabel" type="label" alignWithControl="true" fontSize="small" fontColor="darkgray">
				<Label>Select the Preset that should be applied to the device. Presets with an asterisk (*) next to them have data saved in them.</Label>
			</Field>
			<Field id="rate" type="textfield">
				<Label>Ramp Rate:</Label>
			</Field>
			<Field id="labelRate" type="label" alignWithControl="true" fontSize="small" fontColor="darkgray">
				<Label>(0 - 540 seconds)
0 = instant
Optionally override this Preset's saved Ramp Rate (transition time). This overrides the device's default rate as well. Ramp Rates are accurate to 0.1 seconds.</Label>
			</Field>
		</ConfigUI>
	</MenuItem>
	<MenuItem id="sep2" />
	<MenuItem id="recallScene">
		<Name>Recall Hue Scene...</Name>
		<CallbackMethod>recallScene</CallbackMethod>
		<ConfigUI>
			<Field id="instructions1" type="label" fontSize="small">
				<Label>Hue Scenes are stored on the Hue Bridge and are organized here by which application created them.</Label>
			</Field>
			<Field id="hubNumber" type="menu"
				tooltip="Select the Gateway his Scene is associated with">
				<Label>Hue Bridge number:</Label>
				<List class="self" method="gwListGenerator" filter="active" dynamicReload="false"> </List>
			</Field>
			<Field id="userId" type="menu" defaultValue=""
				tooltip="Scene Creators are the applications on various devices that have connected to the Hue Bridge and created Scenes.">
				<Label>Scene Creator:</Label>
				<List class="self" method="usersListGenerator" dynamicReload="false"></List>
				<CallbackMethod>usersListItemSelected</CallbackMethod>
			</Field>
			<Field id="userLabel" type="label" alignWithControl="true" fontSize="small" fontColor="darkgray">
				<Label>Select a Scene Creator from the Bridge first (or use "All Scene Creators").
				</Label>
			</Field>
			<Field id="sceneId" type="menu" defaultValue=""
				tooltip="Scenes are stored on the Hue Bridge along with which application created them. Scenes in this menu were created by the Scene Creator selected above.">
				<Label>Scene:</Label>
				<List class="self" method="scenesListGenerator" dynamicReload="true"></List>
				<CallbackMethod>scenesListItemSelected</CallbackMethod>
			</Field>
			<Field id="scemeLabel" type="label" alignWithControl="true" fontSize="small" fontColor="darkgray">
				<Label>Some Scenes may have the same name because of how the Hue app creates them on the GW. Use the Lights Affected list below to distinguish between Scenes with the same name.
				</Label>
			</Field>
			<Field id="groupId" type="menu" defaultValue=""
				tooltip="The Hue bridge allows you to limit a Scene to just one Group, as long as at least one light in the Scene is part of the Group. Lights that are part of a Scene but NOT part of the selected Group Limit will not be affected.">
				<Label>Group Limit:</Label>
				<List class="self" method="groupListGenerator" dynamicReload="true" ></List>
				<CallbackMethod>groupsListItemSelected</CallbackMethod>
			</Field>
			<Field id="groupLabel" type="label" alignWithControl="true" fontSize="small" fontColor="darkgray">
				<Label>Limit the Scene to a specific Hue Group.
				</Label>
			</Field>
			<Field id="sceneLights" type="list" defaultValue="" readonly="true" enabledBindingId="sceneLightsDisabler"
				tooltip="This list shows all the lights that will be affected by the combination of Scene and Group Limit selections above. These cannot be edited.">
				<Label>Lights Affected:</Label>
				<List class="self" method="sceneLightsListGenerator" dynamicReload="true"></List>
			</Field>
			<Field id="scemeLightsLabel" type="label" alignWithControl="true" fontSize="small" fontColor="darkgray">
				<Label>This list shows which lights are affected by the Scene and Group Limit selections above. This cannot be edited.</Label>
			</Field>
			<Field id="sceneLightsDisabler" type="checkbox" defaultValue="false" hidden="true">
				<!-- This hidden, static value field is necessary in order to disable the Lights list
				 field above because using the "readonly" property appears to have no effect with
				 Indigo 7.0.2 and earlier. -->
				<Label></Label>
			</Field>
			<Field id="description" type="textfield" hidden="true">
				<Label/>
			</Field>
		</ConfigUI>
	</MenuItem>
	<MenuItem id="sep2.1" />

	<MenuItem id="findNewDevices">
		<Name>Start Seach for new Devices on Bridge...</Name>
		<ConfigUI>
			<Field id="instructions1" type="label">
				<Label>This will start the bridge scan for new devcies process. It will add newly found devices to the bridge, not to Indigio.
Select bridge, then select what to seach for. 
you will need to reset/set the new switch/light to be able to be found by the bridge
the bridge will search for about 40 seconds, you might need to runs this several times to find new devices.
after 30+ secs, please run a report 
 "Print hue config data to log"/"Hue devices w no Indigo device"
to list new devices found, then use menu "Add New Hue Devices in Indigo" to add these new devcies to indigo.</Label>
			</Field>
			<Field id="hubNumber" type="menu"
				tooltip="Select the Gateway / Bridge this device is associated with">
				<Label>Hue Bridge number:</Label>
				<List class="self" method="gwListGenerator" filter = "active" dynamicReload="true"/> 
			</Field>
			<Field id="confirmGWNumber" type="button">
				<Label>click to</Label>
				<Title>select Bridge Number</Title>
				<CallbackMethod>confirmGWNumber</CallbackMethod>
			</Field>

			<Field id="confirmHubNumberText" type="textfield" default ="first select hue bridge" >	</Field>

			<Field id="startSearchNewSwitches" type="button">
				<Label>Click to</Label>
				<Title>Start search for new switches</Title>
				<CallbackMethod>startSearchNewSwitches</CallbackMethod>
			</Field>

			<Field id="startSearchNewLights" type="button">
				<Label>Click to</Label>
				<Title>Start search for new Lights</Title>
				<CallbackMethod>startSearchNewLights</CallbackMethod>
			</Field>
		</ConfigUI>
	</MenuItem>

	<MenuItem id="createNewLightDevicesFromGWDict">
		<Name>Add New Hue Devices in Indigo...</Name>
		<ConfigUI>
			<Field id="infoLabel" type="label" fontSize="small" fontColor="darkgray">
				<Label>Use this to add ALL hue lights/sensors/groups that do not have a corresponding indigo device
This might take a while if you have a lot of Hue devices, that do not have a corresponding indigo device
It is a good idea to restart the plugin afterwards to get all states etc created properly
Check the logfile for new devices created
The names will be Hue_type_bridge#_id_nameOnBridge
eg Hue_light_0_30_Stairs</Label>
			</Field>
			<Field id="hueFolderName" type="textfield" default ="New Hue Devices"
				tooltip="If left empty it will be:  Hue New Devices ">
				<Label>Folder Name where new devices get created:</Label>
			</Field>
			<Field id="createLights"  type="checkbox" default ="true"> <Label>create Light devices:</Label> 	</Field>
			<Field id="createSensors" type="checkbox" default ="true"> <Label>create Sensor devices:</Label> 	</Field>
			<Field id="createGroups"  type="checkbox" default ="true"> <Label>create Group devices:</Label> 	</Field>
			<Field id="doCreate" type="button">
				<Label>Click to</Label>
				<Title>Create folder and devices</Title>
				<CallbackMethod>autocreateNewDevices</CallbackMethod>
			</Field>
		</ConfigUI>
	</MenuItem>

	<MenuItem id="menuRenameHueDevice">
		<Name>Rename Hue Devices on Bridge...</Name>
		<ConfigUI>
			<Field id="instructions1" type="label">
				<Label>With this action you can rename (a) device(s) on the bridge.
First select bridge number and confirm</Label>
			</Field>
			<Field id="instructions2" type="label" alignText="right" fontSize="small" fontColor="darkgrey">
				<Label>It will set element "name":newName on the Bridge. 
Max 32 characters can be used
You can set option to rename all devices on bridge to their indigo device name</Label>
			</Field>
			<Field id="hubNumber" type="menu"
				tooltip="Select the Gateway / Bridge this device is associated with">
				<Label>Hue Bridge number:</Label>
				<List class="self" method="gwListGenerator" filter = "active" dynamicReload="true"/> 
			</Field>
			<Field id="confirmGWNumber" type="button">
				<Label>click to</Label>
				<Title>select Bridge Number</Title>
				<CallbackMethod>confirmGWNumber</CallbackMethod>
			</Field>
			<Field id="confirmHubNumberText" type="textfield" default ="first select hue bridge" >	</Field>

			<Field id="sep1" type="separator"/>
			<Field id="instructionssensor" type="label" >
				<Label>Rename Sensor</Label>
			</Field>
			<Field id="sensorId" type="menu"
				tooltip="Select a Sensor Device.">
				<Label>Select SENSOR (Name on bridge):</Label>
				<List class="self" method="sensorListGenerator" filter="anySensor"  dynamicReload="true"/>
			</Field>
			<Field id="newNamesensors" type="textfield">
				<Label>Enter new name for device (use * for same name as indigo Device):</Label>
			</Field>
			<Field id="removePrefixsensors" type="checkbox"> 
				<Label>remove std prefix: Hue_sensor_Bridge#_id_:</Label>
			</Field>
			<Field id="execSensors" type="button">
				<Label>Click to</Label>
				<Title>execute</Title>
				<CallbackMethod>menuRenameSensorDevice</CallbackMethod>
			</Field>
			<Field id="sep2" type="separator"/>
			<Field id="instructionslight" type="label" >
				<Label>Rename Light bulb</Label>
			</Field>
			<Field id="bulbId" type="menu"
				tooltip="Select a lights/ bulb Device.">
				<Label>Select LIGHT (Name on bridge):</Label>
				<List class="self" method="lightsListGenerator" filter="anyLight"  dynamicReload="true"/>
			</Field>
			<Field id="newNamelights" type="textfield">
				<Label>Enter new name for device (use * for same name as indigo Device):</Label>
			</Field>
			<Field id="removePrefixlights" type="checkbox"> 
				<Label>remove std prefix: Hue_light_Bridge#_id_:</Label>
			</Field>
			<Field id="execLights" type="button">
				<Label>Click to</Label>
				<Title>execute</Title>
				<CallbackMethod>menuRenameLightsDevice</CallbackMethod>
			</Field>
		</ConfigUI>
	</MenuItem>

	<MenuItem id="deleteDevices">
		<Name>Delete Devices on Bridge...</Name>
		<ConfigUI>
			<Field id="instructions1" type="label">
				<Label>Select bridge, then select what type of device to delete
then select the device. 
This will delete the devcie on the bridge, not in indigo
</Label>
			</Field>
			<Field id="hubNumber" type="menu"
				tooltip="Select the Gateway / Bridge this device is associated with">
				<Label>Hue Bridge number:</Label>
				<List class="self" method="gwListGenerator" filter = "active" dynamicReload="true"/> 
			</Field>
			<Field id="confirmGWNumber" type="button">
				<Label>click to</Label>
				<Title>select Bridge Number</Title>
				<CallbackMethod>confirmGWNumber</CallbackMethod>
			</Field>

			<Field id="confirmHubNumberText" type="textfield" default ="first select hue bridge" >	</Field>

			<Field id="sep1" type="separator"/>
			<Field id="sensorId" type="menu"
				tooltip="Select a Hue  Sensor.">
				<Label>Hue Sensor (Name on bridge):</Label>
				<List class="self" method="sensorListGenerator" filter="oneSensor"  dynamicReload="true"/>
			</Field>
			<Field id="deleteSensor" type="button">
				<Label>Click to</Label>
				<Title>execute</Title>
				<CallbackMethod>menuDeleteSensor</CallbackMethod>
			</Field>

			<Field id="sep2" type="separator"/>
			<Field id="bulbId" type="menu"
				tooltip="Select a Hue Light.">
				<Label>Hue Light (Name on bridge):</Label>
				<List class="self" method="lightsListGenerator" filter="oneLight"  dynamicReload="true"/>
			</Field>
			<Field id="deleteLight" type="button">
				<Label>Click to</Label>
				<Title>execute</Title>
				<CallbackMethod>menuDeleteLight</CallbackMethod>
			</Field>
		</ConfigUI>
	</MenuItem>


	<MenuItem id="menuEnableDisableSensor">
		<Name>Enable/disable Sensor on Bridge...</Name>
		<ConfigUI>
			<Field id="instructions1" type="label">
				<Label>With this action you can enable or disable a sensor device on the bridge.
This might be useful if you are home / away to disable / enable a motion sensor to suppress actions or enable actions on the bridge</Label>
			</Field>
			<Field id="instructions2" type="label" alignText="right" fontSize="small" fontColor="darkgrey">
				<Label>It will set element "config":{"on":true/false} on the Bridge. 
That should enable/disable any action coming from that device.</Label>
			</Field>
			<Field id="instructions3" type="label">
				<Label>First select bridge number and confirm</Label>
			</Field>
			<Field id="hubNumber" type="menu"
				tooltip="Select the Gateway / Bridge this device is associated with">
				<Label>Hue Bridge number:</Label>
				<List class="self" method="gwListGenerator" filter = "active" dynamicReload="true"/> 
			</Field>
			<Field id="confirmGWNumber" type="button">
				<Label>click to</Label>
				<Title>select Bridge Number</Title>
				<CallbackMethod>confirmGWNumber</CallbackMethod>
			</Field>

			<Field id="confirmHubNumberText" type="textfield" default ="first select hue bridge" >	</Field>

			<Field id="sep1" type="separator"/>
			<Field id="sensorId" type="menu"
				tooltip="Select a Hue  Sensor.">
				<Label>Hue Sensor (Name on bridge):</Label>
				<List class="self" method="sensorListGenerator" filter="anySensor"  dynamicReload="true"/>
			</Field>
			<Field id="onOff" type="menu">
				<Label>On/off:</Label>
				 <List>
					<Option value="on">on, enable</Option>
					<Option value="off">off, disable</Option>
				 </List>
			</Field>
			<Field id="menuEnableDisableSensor" type="button">
				<Label>Click to</Label>
				<Title>execute</Title>
				<CallbackMethod>menuEnableDisableSensor</CallbackMethod>
			</Field>
		</ConfigUI>
	</MenuItem>



	<MenuItem id="sep3" />
	<MenuItem id="displayPreset">
		<Name>Print preset to Log...</Name>
		<CallbackMethod>displayPreset</CallbackMethod>
		<ConfigUI>
			<Field id="presetId" type="menu" defaultValue="">
				<Label>Preset:</Label>
				<List class="self" method="presetListGenerator"></List>
			</Field>
			<Field id="presetLabel" type="label" alignWithControl="true" fontSize="small" fontColor="darkgray">
				<Label>Select the Preset whose data you'd like to view in the Indigo log. Presets with an asterisk (*) next to them have data saved in them.</Label>
			</Field>
		</ConfigUI>
	</MenuItem>
	<MenuItem id="trackSpecificDevice">
		<Name>Print Tracking of ONE specific device to log</Name>
		<ConfigUI>
			<Field id="instructions1" type="label">
				<Label>With this function you can print the detailed data received from ONE specific device on the bridge to the indigo log
You can see when and if e.g. button presses arrive at the plugin and check the status changes etc.</Label>
			</Field>
			<Field id="hubNumber" type="menu"
				tooltip="Select the Gateway / Bridge this device is associated with">
				<Label>Hue Bridge number:</Label>
				<List class="self" method="gwListGenerator" filter = "active" dynamicReload="true"/> 
			</Field>
			<Field id="confirmGWNumber" type="button">
				<Label>click to</Label>
				<Title>select Bridge Number</Title>
				<CallbackMethod>confirmGWNumber</CallbackMethod>
			</Field>
			<Field id="confirmHubNumberText" type="textfield" default ="first select hue bridge" >	</Field>

			<Field  id="whatToPrint" 
					type="menu" 
					defaultValue="sensors">
				<Label>Select what type of device to track:</Label>
				<List>
					<Option value="lights">lights</Option>
					<Option value="sensors">sensors</Option>
				</List>
			</Field>
			<Field id="sensorId" type="menu"
				tooltip="Select a Sensor Device." 
				visibleBindingId="whatToPrint" visibleBindingValue="sensors" >
				<Label>Select SENSOR (Name on bridge):</Label>
				<List class="self" method="sensorListGenerator" filter="oneSensor"  dynamicReload="true"/>
			</Field>
			<Field id="lightId" type="menu"
				tooltip="Select a Sensor Device."
				visibleBindingId="whatToPrint" visibleBindingValue="lights" >
				<Label>Select LIGHT (Name on bridge):</Label>
				<List class="self" method="sensorListGenerator" filter="oneLight"  dynamicReload="true"/>
			</Field>

			<Field id="sep1" type="separator"/>
			<Field id="startTrack" type="button">
				<Label>Click to</Label>
				<Title>Start tracking</Title>
				<CallbackMethod>startTrackSpecificDevice</CallbackMethod>
			</Field>
			<Field id="stopTrack" type="button">
				<Label>Click to</Label>
				<Title>Stop Tracking</Title>
				<CallbackMethod>stopTrackSpecificDevice</CallbackMethod>
			</Field>
		</ConfigUI>
	</MenuItem>
	<MenuItem id="printHueDataMenu">
		<Name>Print hue config data to log...</Name>
		<ConfigUI>
			<Field  id="whatToPrint" 
					type="menu" 
					defaultValue="lights">
				<Label>Select what to print:</Label>
				<List>
					<Option value="lights">lights</Option>
					<Option value="lightsDict">lights all info</Option>
					<Option value="sensors">sensors </Option>
					<Option value="sensorsDict">sensors all info</Option>
					<Option value="groups">groups</Option>
					<Option value="scenes">scenes</Option>
					<Option value="rules">rules</Option>
					<Option value="schedules">schedules</Option>
					<Option value="resourcelinks">resource links</Option>
					<Option value="config">config, bridges config overview</Option>
					<Option value="configJson">config, bridges complete config Dict</Option>
					<Option value="configDict">complete hue Dict</Option>
					<Option value="specificLights">all info for one specific Bridge-LIGHT-id</Option>
					<Option value="specificSensors">all info for one specific Bridge-SENSOR-id</Option>
					<Option value="specificGroups">all info for one specific Bridge-GROUP-id</Option>
					<Option value="specificScenes">all info for one specific Bridge-SCENE-id</Option>
					<Option value="specificRules">all info for one specific Bridge-RULES-id</Option>
					<Option value="specificSchedules">all info for one specific Bridge-SCHEDULE-id</Option>
					<Option value="specificResourcelinks">all info for one specific Bridge-RESOURCE-LINK-id</Option>
					<Option value="NoHudevice">Indigo devices w no Hue device</Option>
					<Option value="NoIndigoDevice">Hue devices w no Indigo device</Option>
				</List>
			</Field>
			<Field  id="sortBy" 
					type="menu" 
					defaultValue="id"
					visibleBindingId="whatToPrint" visibleBindingValue="lights,sensors,scenes,groups,rules,resourcelinks,schedules" >
				<Label>Select how to sort lights:</Label>
				<List>
					<Option value="id">id</Option>
					<Option value="type">type (lights, scenes) </Option>
					<Option value="modelid">model Id (only lights)</Option>
					<Option value="name">name</Option>
					<Option value="group">group (scenes)</Option>
				</List>
			</Field>

			<Field  id="lights" type="menu" 
					visibleBindingId="whatToPrint" visibleBindingValue="specificLights" >
				<Label>Select the LIGHT you want to print all info:</Label>
				<List class="self" method="printsListGenerator" filter="lights"/>
			</Field>
			<Field  id="groups" type="menu" 
					visibleBindingId="whatToPrint" visibleBindingValue="specificGroups" >
				<Label>Select the GROUP you want to print all info:</Label>
				<List class="self" method="printsListGenerator" filter="groups"/>
			</Field>
			<Field  id="sensors" type="menu" 
					visibleBindingId="whatToPrint" visibleBindingValue="specificSensors" >
				<Label>Select the SENSOR you want to print all info:</Label>
				<List class="self" method="printsListGenerator" filter="sensors"/>
			</Field>
			<Field  id="scenes" type="menu" 
					visibleBindingId="whatToPrint" visibleBindingValue="specificScenes" >
				<Label>Select the SCENE you want to print all info:</Label>
				<List class="self" method="printsListGenerator" filter="scenes"/>
			</Field>
			<Field  id="rules" type="menu" 
					visibleBindingId="whatToPrint" visibleBindingValue="specificRules" >
				<Label>Select the RULES you want to print all info:</Label>
				<List class="self" method="printsListGenerator" filter="rules"/>
			</Field>
			<Field  id="schedules" type="menu" 
					visibleBindingId="whatToPrint" visibleBindingValue="specificSchedules" >
				<Label>Select the SCHEDULES you want to print all info:</Label>
				<List class="self" method="printsListGenerator" filter="schedules"/>
			</Field>
			<Field  id="resourcelinks" type="menu" 
					visibleBindingId="whatToPrint" visibleBindingValue="specificResourcelinks" >
				<Label>Select the RESOURCE LINKS links you want to print all info:</Label>
				<List class="self" method="printsListGenerator" filter="resourcelinks"/>
			</Field>

			<Field id="doPrint" type="button"
					visibleBindingId="whatToPrint" 
					visibleBindingValue="lights,lightsDict,sensors,sensorsDict,scenes,groups,rules,resourcelinks,schedules,config,configJson,configDict,specificLights,specificSensors,specificGroups,specificScenes,specificRules,specificSchedules,specificResourcelinks,NoHudevice,NoIndigoDevice" >
				<Label>Click to</Label>
				<Title>Print</Title>
				<CallbackMethod>printHueData</CallbackMethod>
			</Field>
		</ConfigUI>
	</MenuItem>
	<MenuItem id="sep4" />
	<MenuItem id="toggleDebug">
		<Name>Toggle debug...</Name>
		<ConfigUI>
			<Field id="doSetdebug" type="button">
				<Label>Click to</Label>
				<Title>toggle debug (all areas)</Title>
				<CallbackMethod>setDebugAreas</CallbackMethod>
			</Field>
			<Field id="infoLabel" type="label">
				<Label>In most cases, leave it on for just a few seconds and check the 
/Library/... .../Indigo x.y/Logs/com.nath...HueLights/plugin.log file
!! There will be a LOT of lines written to the logfile !!</Label>
			</Field>
		</ConfigUI>
	</MenuItem>
</MenuItems>
