<?xml version="1.0"?>
<PluginConfig>

	<Field id="showGWAction" 			type="checkbox" defaultValue="false" hidden="true">    </Field>
	<Field id="showPair"		 		type="checkbox" defaultValue="false" hidden="true">    </Field>
	<Field id="showGwAdd"		 		type="checkbox" defaultValue="false" hidden="true">    </Field>
	<Field id="showGwClick"		 		type="checkbox" defaultValue="false" hidden="true">    </Field>
	<Field id="showGwClickConfirm"		type="checkbox" defaultValue="false" hidden="true">    </Field>
	<Field id="showGwMod"		 		type="checkbox" defaultValue="false" hidden="true">    </Field>
	<Field id="showGwDel"		 		type="checkbox" defaultValue="false" hidden="true">    </Field>
	<Field id="showGwKeep"	 			type="checkbox" defaultValue="false" hidden="true">    </Field>


	<Field id="title" type="label" alignText="center" fontColor="orange" >
		<Label>Hue Lights Configuration</Label>
	</Field>

	<Field id="instructions0" type="label" >
		<Label>INSTRUCTIONS.  You can:
A. Add/modify/delete a bridge
   when you start you must first add (register) the plugin with the bridge
   later you can change bridge settings or delete a bridge 
    ::: If you change any setting for a hue bridge, you must click on
        &lt;Save&gt; not &lt;Cancel&gt; at exit to fully save settings :::
B. Change general parameters
C. Change debugging levels</Label>
	</Field>


	<Field id="sep00" type="separator"/>
	<Field id="sep01" type="separator"/>

	<Field id="step1" type="label"  fontColor="green">
		<Label>A. Change any aspect of a hue bridge (add/remove/modify):</Label>
	</Field>

	<Field id="changeGW" type="checkbox" defaultValue="false" hidden="false">
	<Label>Add/delete/modify a bridge:</Label>
    </Field>

	<Field id="gwAction"
			visibleBindingId="showGWAction" visibleBindingValue="true" 
			type="menu" defaultValue="keep"
			tooltip="">
		<Label>Select action for the bridge:</Label>
	  <List>
		<Option value="add">add or re-pair a new bridge</Option>
		<Option value="modify">change the ip number</Option>
		<Option value="delete">delete an existing bridge</Option>
		<Option value="keep">don't change anything</Option>
	  </List>
    </Field>

<!-- modify      -->
	<Field id="labelModify" type="label" visibleBindingId="showGwMod" visibleBindingValue="true" >
		<Label>
== Modify IP# of a bridge: Select bridge, enter new IP#, click on CONFIRM:
</Label>
	</Field>

	<Field id="modGWList" type="menu" defaultValue="0"
		visibleBindingId="showGwMod" visibleBindingValue="true"
		tooltip="">
		<Label>Select a Hue Bridge to modify:</Label>
			<List class="self" method="gwListGenerator" filter="notEmpty" dynamicReload="true" />
 	</Field>

	<Field id="gwModNewIp" type="textfield"  visibleBindingId="showGwMod" visibleBindingValue="true" >
	<Label>Enter new IP address:</Label>
	</Field>

	<Field id="confirmGWMod"
			type="button" 
			visibleBindingId="showGwMod" visibleBindingValue="true"
			tooltip="">
		<Label>click to modify IP#</Label>
		<Title>CONFIRM</Title>
		<CallbackMethod>confirmGWMod</CallbackMethod>
    </Field>

<!-- delete GW     -->

	<Field id="labelDelete" type="label" visibleBindingId="showGwDel" visibleBindingValue="true" >
		<Label>
== Delete a Hue Bridge: select bridge, click on Confirm:
</Label>
	</Field>
	<Field id="delGWList" type="menu" defaultValue="0"
		visibleBindingId="showGwDel" visibleBindingValue="true"
		tooltip="">
		<Label>Select a Hue Bridge to delete:</Label>
			<List class="self" method="gwListGenerator" filter="notEmpty" dynamicReload="true" />
 	</Field>

	<Field id="confirmGWDel"
			type="button" 
			visibleBindingId="showGwDel" visibleBindingValue="true"
			tooltip="">
		<Label>click to delete</Label>
		<Title>CONFIRM</Title>
		<CallbackMethod>confirmGWDel</CallbackMethod>
    </Field>


<!-- (re) - pair GW     -->

	<Field id="labelNew" type="label" visibleBindingId="showGwAdd" visibleBindingValue="true" >
		<Label>
== Pair or (re-)pair a  new or existing Hue Bridge with indigo:
</Label>
	</Field>


	<Field id="updateBridgesavailable"
			type="button" 
			visibleBindingId="showGwAdd" visibleBindingValue="true"
			tooltip="using bonjour the plugin will find new bridges on your network. This will take  about:  3s + 4s*#of bridges = 7 secs for one bridge and 15s for 3 bridges.
The plugin will do it in the background every 5 minutes automatically. With this button you can request to do it right now ">
		<Label>Update the list of available Hue Bridges:</Label>
		<Title>Exec search now</Title>
		<CallbackMethod>updateBridges</CallbackMethod>
    </Field>

	<Field id="labeUpdateBr" type="label" alignWithControl="true" fontColor="darkgray" fontSize="small"
			visibleBindingId="showGwAdd" visibleBindingValue="true"
	>
		<Label>click on Exec search now if you have added a Hue Bridge, that has not been configured</Label>
	</Field>


	<Field id="showbridgesUpdateText" type="textfield" fontColor="darkgray" fontSize="small" visibleBindingId="showGwAdd" visibleBindingValue="true" >
		<Label>
</Label>
	</Field>


	<Field id="hubNumber" type="menu" defaultValue="0"
		visibleBindingId="showGwAdd" visibleBindingValue="true"
		tooltip="Bridge number use 0 if you have just one. If you have several, repeat steps below for each after selection the Bridge number
You must start with  nummer 0">
		<Label>Select a Hue Bridge # for (re-) Pairing:</Label>
			<List class="self" method="gwListGenerator" filter="" dynamicReload="true" />
 	</Field>

	<Field id="selecthubNumberGWPair"
			visibleBindingId="showGwAdd" visibleBindingValue="true"
			type="button" 
			tooltip="">
		<Label>click to select:</Label>
		<Title>CONFIRM</Title>
		<CallbackMethod>selHubNumberGWPair</CallbackMethod>
    </Field>
	<Field id="step10" type="label" visibleBindingId="showGwClickConfirm" visibleBindingValue="true">
		<Label>After click on CONFIRM the plugin will start to link to the bridge</Label>
	</Field>

	<Field id="step1a" type="label" visibleBindingId="showGwClick" visibleBindingValue="true">
		<Label> 
         AFTER CONFIRM use suggested IP# or Enter the IP# address manually: 
             - or use your router info, 
             - or you can obtain the Hue Bridge IP# address by registering on and 
                 using the www.meethue.com web site check your Hue Bridge settings.
     Cick on PHILIPS button on top of bridge
      The plugin will automatically try every 5s to pair with the IP# and bridge# 
      It should work once you have pressed the button on the bridge
 </Label>
	</Field>

	<Field id="address" type="textfield" visibleBindingId="showGwClick" visibleBindingValue="true"  defaultValue=""
		tooltip="IP address of the Hue Bridge (e.g. 192.168.1.15. If the Bridge is given a different IP address by your router later on, you'll need to enter the new address here each time it changes.">
		<Label>IP Address of Hue Bridge (e.g. 192.168.1.15):</Label>
	</Field>

	<Field id="startPairingButton"
			type="button" visibleBindingId="showGwClick" visibleBindingValue="true" 
			tooltip="Before clicking this button, press the center button on the Hue hub.  Within 30 seconds of doing that, come back here and click this button to pair with the Hue hub.">
		<Label>Start manual pairing process:</Label>
		<Title>Execute</Title>
		<CallbackMethod>restartPairing</CallbackMethod>
    </Field>
	<Field id="labelUpdatePair1" type="label" alignWithControl="true" ype="label" fontColor="darkgray" fontSize="small"
			visibleBindingId="showGwClick" visibleBindingValue="true"	>
		<Label>If the auto connect does not work press the &lt;Execute&gt; button </Label>
	</Field>


	<Field id="hostId" type="textfield" visibleBindingId="showGwClick" visibleBindingValue="true"  defaultValue="" readonly="true"
		tooltip="(read-only). Generated host ID assigned by the Hue Bridge to Hue Lights plugin. Provided here for troubleshooting purposes only.">
		<Label>Host ID:</Label>
	</Field>

	<Field id="labelHostId" type="label" visibleBindingId="showGwClick" visibleBindingValue="true"  alignWithControl="true" fontColor="darkgray" fontSize="small">
		<Label>(read-only). Generated host ID assigned by the Hue Bridge. 
Shown after successful pairing process</Label>
	</Field>


	<Field id="sepothersettings" type="separator"/>
	<Field id="sepothersettings2" type="separator"/>

	<Field id="othersettings" type="label" fontColor="green">
		<Label>B. Other settings:</Label>
	</Field>

	<Field id="timeScaleFactor" type="menu" default="1.0"
		tooltip="scale factor for light, sensors, groups: set higher if you have cpu load issues, lower if you like faster response time, default: sensors every 1 sec, lights,groups every 5 secs, other = every 3..5 minutes fixed  ">
		<Label>How often the Hue Bridge should be read:</Label>
	  <List>
		<Option value="10.">lights every 50 secs, sensors 20secs, likley too slow </Option>
		<Option value="4.0">lights every 20 secs, sensors 8 secs, likley too slow</Option>
		<Option value="2.0">lights every 10 secs, sensors 4 secs</Option>
		<Option value="1.5">lights every 7.5 secs, sensors 3 secs</Option>
		<Option value="1.0">lights = every 5 secs, sensors 2 secs(default)</Option>
		<Option value="0.5">lights = every 2.5 secs, sensors 1 sec</Option>
		<Option value="0.2">lights = every 1 secs, sensors every .4 secs</Option>
		<Option value="0.1">lights = every 0.5 secs, sensors every .2 secs, likely too fast for several reasons</Option>
	 </List>
 	</Field>
	<Field id="timeScaleFactorLabel" type="label" alignWithControl="true" fontSize="small" fontColor="darkgray">
		<Label>In the plugin loop device are polled from the bridge(s) every
sensors: 2 secs,
lights and groups: 5 secs
with this scale factor you can make that more frequent or less frequent
others: fixed at 3-5 minutes 
 </Label>
	</Field>


	<Field id="maxPresetCount" type="textfield"
		tooltip="Enter how many Preset memories you'd like Hue Lights to keep saved (a number from 1 to 100). See warning below.">
		<Label>Preset Memories:</Label>
	</Field>

	<Field id="maxPresetCountLabel" type="label" alignWithControl="true" fontSize="small" fontColor="darkgray">
		<Label>Enter how many Preset memories you'd like Hue Lights to keep saved (a number from 1 to 100). See warning below.</Label>
	</Field>

	<Field id="noticeLabel0" type="label" fontSize="small" fontColor="darkgray">
		<Label>WARNING: Lowering the Preset Memories number will cause the highest Preset memory spaces to be permanently deleted. All actions that reference deleted Presets will result in Indigo errors when attempting to recall those Presets. Don't lower the number unless you're sure nothing uses the Presets that will be deleted.</Label>
	</Field>
  


	<Field id="sepdeb" type="separator"/>
	<Field id="sepdeb2" type="separator"/>

	<Field id="debLabel" type="label"  fontColor="green">
		<Label>C. Logging settings:</Label>
	</Field>

	<Field id="logAnyChanges" type="menu" 
			tooltip="you can set to NO = do not log anything, yes = log everything or leave it to device = edit each dev and set log level there">
	<Label>Log changes received from Hue Bridge:</Label>
	 	 <List>
			<Option value="no">do not log any changes</Option>
			<Option value="yes">log anychange</Option>
			<Option value="leaveToDevice">configure in each device individually</Option>
	 	 </List>
	</Field>

	<Field id="logDefaultForNewDevices" type="menu" 
			tooltip="">
	<Label>Log changes, set default for NEW devices:</Label>
	 	 <List>
			<Option value="off">off</Option>
			<Option value="on">on</Option>
	 	 </List>
	</Field>
	<Field id="sendDeviceUpdatesTo" type="menu" default="20" tooltip="either indigo log AND plugin.log or only in plugin.log file ">
	<Label>Log messages in:</Label>
	 	 <List>
			<Option value="20">regular indigo log + plugin.log</Option> <!-- 10/20 = loglevel used to log text, 20= info (enabled for indigo), 10=debug only enabled for plugin.log-->
			<Option value="10">ONLY in plugin.log file in the indigo log directory </Option>
	 	 </List>
	</Field>


	<Field id="setdebug" type="label" >	<Label>Set debug areas ...</Label></Field>
	<Field    id="debugInit"          			type="checkbox"         > <Label> Debug...                   ... (1)  Init:</Label>  </Field>
	<Field    id="debugLoop"          			type="checkbox"         > <Label>     ... (2)  Loop:</Label>  </Field>
	<Field    id="debugEditSetup"          		type="checkbox"         > <Label>     ... (3)  Edit indigo devs config etc:</Label>  </Field>
	<Field    id="debugReadFromBridge"          type="checkbox"         > <Label>     ... (4)  Read From Bridge:</Label>  </Field>
	<Field    id="debugSendCommandsToBridge"    type="checkbox"         > <Label>     ... (5)  Send Commands To Bridge:</Label>  </Field>
	<Field    id="debugUpdateIndigoDevices"     type="checkbox"         > <Label>     ... (6)  Update Indigo Devices:</Label>  </Field>
	<Field    id="debugSpecial"       			type="checkbox"         > <Label>     ... (S)  special debug (only for development):</Label>  </Field>
	<Field    id="debugall"            			type="checkbox"         > <Label>     ... (99) all of the above .. everything:</Label>  </Field>


</PluginConfig>
